Label,Type,TrainDelta,TestDelta,AP_Eng,HDG_Mode,ALT_Mode,HDG_Ref,TurnK,ALT_Ref,Pwheel,Throttle,alt,State
1,0,0,0,1,0,1,-178.859933850393,29.3107604522299,7260,9.25778212331722,0.921535065563304,7155.48507478633,Critical
1,0,0,0,1,0,1,-178.859933850393,29.3107604522299,7260,9.25778212331722,0.921535065563304,7155.25461664861,Critical
1,0,0,0,1,0,1,-178.859933850393,29.3107604522299,7260,9.25778212331722,0.921535065563304,7155.02553207271,Critical
1,0,0,0,1,0,1,-178.859933850393,29.3107604522299,7260,9.25778212331722,0.921535065563304,7154.7976885134,Critical
1,0,0,0,1,0,1,-178.859933850393,29.3107604522299,7260,9.25778212331722,0.921535065563304,7154.57112205859,Critical
1,0,0,0,1,0,1,-178.859933850393,29.3107604522299,7260,9.25778212331722,0.921535065563304,7154.34607564875,Critical
1,0,0,0,1,0,1,-178.859933850393,29.3107604522299,7260,9.25778212331722,0.921535065563304,7154.12285423501,Critical
1,0,0,0,1,0,1,-178.859933850393,29.3107604522299,7260,9.25778212331722,0.921535065563304,7153.9016765295,Critical
1,0,0,0,1,0,1,-178.859933850393,29.3107604522299,7260,9.25778212331722,0.921535065563304,7153.68260641645,Critical
1,0,0,0,1,0,1,-178.859933850393,29.3107604522299,7260,9.25778212331722,0.921535065563304,7153.46561654954,Critical
1,0,0,0,1,0,1,-178.859933850393,29.3107604522299,7260,9.25778212331722,0.921535065563304,7153.25069360559,Critical
1,0,0,0,1,0,1,-178.859933850393,29.3107604522299,7260,9.25778212331722,0.921535065563304,7153.03789602563,Critical
1,0,0,0,1,0,1,-178.859933850393,29.3107604522299,7260,9.25778212331722,0.921535065563304,7152.82734018643,Critical
1,0,0,0,1,0,1,-178.859933850393,29.3107604522299,7260,9.25778212331722,0.921535065563304,7152.61915244099,Critical
1,0,0,0,1,0,1,-178.859933850393,29.3107604522299,7260,9.25778212331722,0.921535065563304,7152.41342798803,Critical
1,0,0,0,1,0,1,-178.859933850393,29.3107604522299,7260,9.25778212331722,0.921535065563304,7152.21022550089,Critical
1,0,0,0,1,0,1,-178.859933850393,29.3107604522299,7260,9.25778212331722,0.921535065563304,7152.00958603867,Critical
1,0,0,0,1,0,1,-178.859933850393,29.3107604522299,7260,9.25778212331722,0.921535065563304,7151.81155857555,Critical
1,0,0,0,1,0,1,-178.859933850393,29.3107604522299,7260,9.25778212331722,0.921535065563304,7151.61620957099,Critical
1,0,0,0,1,0,1,-178.859933850393,29.3107604522299,7260,9.25778212331722,0.921535065563304,7151.42361607366,Critical
1,0,0,0,1,0,1,-178.859933850393,29.3107604522299,7260,9.25778212331722,0.921535065563304,7151.23385378473,Critical
1,0,0,0,1,0,1,-178.859933850393,29.3107604522299,7260,9.25778212331722,0.921535065563304,7151.04698848105,Critical
1,0,0,0,1,0,1,-178.859933850393,29.3107604522299,7260,9.25778212331722,0.921535065563304,7150.86307538092,Critical
1,0,0,0,1,0,1,-178.859933850393,29.3107604522299,7260,9.25778212331722,0.921535065563304,7150.68216527946,Critical
1,0,0,0,1,0,1,-178.859933850393,29.3107604522299,7260,9.25778212331722,0.921535065563304,7150.50431066683,Critical
1,0,0,0,1,0,1,-178.859933850393,29.3107604522299,7260,9.25778212331722,0.921535065563304,7150.32956721635,Critical
1,0,0,0,1,0,1,-178.859933850393,29.3107604522299,7260,9.25778212331722,0.921535065563304,7150.15799153096,Critical
1,0,0,0,1,0,1,-178.859933850393,29.3107604522299,7260,9.25778212331722,0.921535065563304,7149.98963790498,Critical
1,0,0,0,1,0,1,-178.859933850393,29.3107604522299,7260,9.25778212331722,0.921535065563304,7149.82455684442,Critical
1,0,0,0,1,0,1,-178.859933850393,29.3107604522299,7260,9.25778212331722,0.921535065563304,7149.66279583136,Critical
1,0,0,0,1,0,1,-178.859933850393,29.3107604522299,7260,9.25778212331722,0.921535065563304,7149.50440088276,Critical
1,0,0,0,1,0,1,-178.859933850393,29.3107604522299,7260,9.25778212331722,0.921535065563304,7149.34941773511,Critical
1,0,0,0,1,0,1,-178.859933850393,29.3107604522299,7260,9.25778212331722,0.921535065563304,7149.19789187224,Critical
1,0,0,0,1,0,1,-178.859933850393,29.3107604522299,7260,9.25778212331722,0.921535065563304,7149.04986786774,Critical
1,0,0,0,1,0,1,-178.859933850393,29.3107604522299,7260,9.25778212331722,0.921535065563304,7148.90538876524,Critical
1,0,0,0,1,0,1,-178.859933850393,29.3107604522299,7260,9.25778212331722,0.921535065563304,7148.76449597435,Critical
1,0,0,0,1,0,1,-178.859933850393,29.3107604522299,7260,9.25778212331722,0.921535065563304,7148.62722957198,Critical
1,0,0,0,1,0,1,-178.859933850393,29.3107604522299,7260,9.25778212331722,0.921535065563304,7148.49362870121,Critical
1,0,0,0,1,0,1,-178.859933850393,29.3107604522299,7260,9.25778212331722,0.921535065563304,7148.36373178631,Critical
1,0,0,0,1,0,1,-178.859933850393,29.3107604522299,7260,9.25778212331722,0.921535065563304,7148.23757662631,Critical
1,0,0,0,1,0,1,-178.859933850393,29.3107604522299,7260,9.25778212331722,0.921535065563304,7148.11519995505,Critical
1,0,0,0,1,0,1,-178.859933850393,29.3107604522299,7260,9.25778212331722,0.921535065563304,7147.99663777004,Critical
1,0,0,0,1,0,1,-178.859933850393,29.3107604522299,7260,9.25778212331722,0.921535065563304,7147.88192488597,Critical
1,0,0,0,1,0,1,-178.859933850393,29.3107604522299,7260,9.25778212331722,0.921535065563304,7147.77109556468,Critical
1,0,0,0,1,0,1,-178.859933850393,29.3107604522299,7260,9.25778212331722,0.921535065563304,7147.66418324225,Critical
1,0,0,0,1,0,1,-178.859933850393,29.3107604522299,7260,9.25778212331722,0.921535065563304,7147.56122061052,Critical
1,0,0,0,1,0,1,-178.859933850393,29.3107604522299,7260,9.25778212331722,0.921535065563304,7147.46223966521,Critical
1,0,0,0,1,0,1,-178.859933850393,29.3107604522299,7260,9.25778212331722,0.921535065563304,7147.36727172833,Critical
1,0,0,0,1,0,1,-178.859933850393,29.3107604522299,7260,9.25778212331722,0.921535065563304,7147.27634745355,Critical
1,0,0,0,1,0,1,-178.859933850393,29.3107604522299,7260,9.25778212331722,0.921535065563304,7147.18949682514,Critical
1,0,0,0,1,0,1,-178.859933850393,29.3107604522299,7260,9.25778212331722,0.921535065563304,7147.10674915835,Critical
1,0,0,0,1,0,1,-178.859933850393,29.3107604522299,7260,9.25778212331722,0.921535065563304,7147.0281331039,Critical
1,0,0,0,1,0,1,-178.859933850393,29.3107604522299,7260,9.25778212331722,0.921535065563304,7146.95367664003,Critical
1,0,0,0,1,0,1,-178.859933850393,29.3107604522299,7260,9.25778212331722,0.921535065563304,7146.88340713017,Critical
1,0,0,0,1,0,1,-178.859933850393,29.3107604522299,7260,9.25778212331722,0.921535065563304,7146.81735126029,Critical
1,0,0,0,1,0,1,-178.859933850393,29.3107604522299,7260,9.25778212331722,0.921535065563304,7146.75553499018,Critical
1,0,0,0,1,0,1,-178.859933850393,29.3107604522299,7260,9.25778212331722,0.921535065563304,7146.69798383164,Critical
1,0,0,0,1,0,1,-178.859933850393,29.3107604522299,7260,9.25778212331722,0.921535065563304,7146.64472252894,Critical
1,0,0,0,1,0,1,-178.859933850393,29.3107604522299,7260,9.25778212331722,0.921535065563304,7146.59577514975,Critical
1,0,0,0,1,0,1,-178.859933850393,29.3107604522299,7260,9.25778212331722,0.921535065563304,7146.55116509183,Critical
1,0,0,0,1,0,1,-178.859933850393,29.3107604522299,7260,9.25778212331722,0.921535065563304,7146.51091509062,Critical
1,0,0,0,1,0,1,-178.859933850393,29.3107604522299,7260,9.25778212331722,0.921535065563304,7146.4750472237,Critical
1,0,0,0,1,0,1,-178.859933850393,29.3107604522299,7260,9.25778212331722,0.921535065563304,7146.44358290701,Critical
1,0,0,0,1,0,1,-178.859933850393,29.3107604522299,7260,9.25778212331722,0.921535065563304,7146.41654288832,Critical
1,0,0,0,1,0,1,-178.859933850393,29.3107604522299,7260,9.25778212331722,0.921535065563304,7146.39394724367,Critical
1,0,0,0,1,0,1,-178.859933850393,29.3107604522299,7260,9.25778212331722,0.921535065563304,7146.37581537975,Critical
1,0,0,0,1,0,1,-178.859933850393,29.3107604522299,7260,9.25778212331722,0.921535065563304,7146.36216603942,Critical
1,0,0,0,1,0,1,-178.859933850393,29.3107604522299,7260,9.25778212331722,0.921535065563304,7146.35301731631,Critical
1,0,0,0,1,0,1,-178.859933850393,29.3107604522299,7260,9.25778212331722,0.921535065563304,7146.34838664159,Critical
1,0,0,0,1,0,1,-178.859933850393,29.3107604522299,7260,9.25778212331722,0.921535065563304,7146.34829086192,Critical
1,0,0,0,1,0,1,-178.859933850393,29.3107604522299,7260,9.25778212331722,0.921535065563304,7146.35274609134,Critical
1,0,0,0,1,0,1,-178.859933850393,29.3107604522299,7260,9.25778212331722,0.921535065563304,7146.36176793902,Critical
1,0,0,0,1,0,1,-178.859933850393,29.3107604522299,7260,9.25778212331722,0.921535065563304,7146.37537138924,Critical
1,0,0,0,1,0,1,-178.859933850393,29.3107604522299,7260,9.25778212331722,0.921535065563304,7146.3935707124,Critical
1,0,0,0,1,0,1,-178.859933850393,29.3107604522299,7260,9.25778212331722,0.921535065563304,7146.41637974527,Critical
1,0,0,0,1,0,1,-178.859933850393,29.3107604522299,7260,9.25778212331722,0.921535065563304,7146.44381170166,Critical
1,0,0,0,1,0,1,-178.859933850393,29.3107604522299,7260,9.25778212331722,0.921535065563304,7146.47587920554,Critical
1,0,0,0,1,0,1,-178.859933850393,29.3107604522299,7260,9.25778212331722,0.921535065563304,7146.51259443955,Critical
1,0,0,0,1,0,1,-178.859933850393,29.3107604522299,7260,9.25778212331722,0.921535065563304,7146.55396893443,Critical
1,0,0,0,1,0,1,-178.859933850393,29.3107604522299,7260,9.25778212331722,0.921535065563304,7146.60001385086,Critical
1,0,0,0,1,0,1,-178.859933850393,29.3107604522299,7260,9.25778212331722,0.921535065563304,7146.6507397595,Critical
1,0,0,0,1,0,1,-178.859933850393,29.3107604522299,7260,9.25778212331722,0.921535065563304,7146.70615675038,Critical
1,0,0,0,1,0,1,-178.859933850393,29.3107604522299,7260,9.25778212331722,0.921535065563304,7146.76627443491,Critical
1,0,0,0,1,0,1,-178.859933850393,29.3107604522299,7260,9.25778212331722,0.921535065563304,7146.83110199367,Critical
1,0,0,0,1,0,1,-178.859933850393,29.3107604522299,7260,9.25778212331722,0.921535065563304,7146.90064810605,Critical
1,0,0,0,1,0,1,-178.859933850393,29.3107604522299,7260,9.25778212331722,0.921535065563304,7146.97492107259,Critical
1,0,0,0,1,0,1,-178.859933850393,29.3107604522299,7260,9.25778212331722,0.921535065563304,7147.05392863692,Critical
1,0,0,0,1,0,1,-178.859933850393,29.3107604522299,7260,9.25778212331722,0.921535065563304,7147.13767822446,Critical
1,0,0,0,1,0,1,-178.859933850393,29.3107604522299,7260,9.25778212331722,0.921535065563304,7147.22617673858,Critical
1,0,0,0,1,0,1,-178.859933850393,29.3107604522299,7260,9.25778212331722,0.921535065563304,7147.31943065943,Critical
1,0,0,0,1,0,1,-178.859933850393,29.3107604522299,7260,9.25778212331722,0.921535065563304,7147.41744603251,Critical
1,0,0,0,1,0,1,-178.859933850393,29.3107604522299,7260,9.25778212331722,0.921535065563304,7147.52022852496,Critical
1,0,0,0,1,0,1,-178.859933850393,29.3107604522299,7260,9.25778212331722,0.921535065563304,7147.62778329236,Critical
1,0,0,0,1,0,1,-178.859933850393,29.3107604522299,7260,9.25778212331722,0.921535065563304,7147.74011514855,Critical
1,0,0,0,1,0,1,-178.859933850393,29.3107604522299,7260,9.25778212331722,0.921535065563304,7147.85722844357,Critical
1,0,0,0,1,0,1,-178.859933850393,29.3107604522299,7260,9.25778212331722,0.921535065563304,7147.97912700852,Critical
1,0,0,0,1,0,1,-178.859933850393,29.3107604522299,7260,9.25778212331722,0.921535065563304,7148.10581434891,Critical
1,0,0,0,1,0,1,-178.859933850393,29.3107604522299,7260,9.25778212331722,0.921535065563304,7148.23729350559,Critical
1,0,0,0,1,0,1,-178.859933850393,29.3107604522299,7260,9.25778212331722,0.921535065563304,7148.37356702687,Critical
1,0,0,0,1,0,1,-178.859933850393,29.3107604522299,7260,9.25778212331722,0.921535065563304,7148.51463711044,Critical
1,0,0,0,1,0,1,-178.859933850393,29.3107604522299,7260,9.25778212331722,0.921535065563304,7148.6605055038,Critical
1,0,0,0,1,0,1,-178.859933850393,29.3107604522299,7260,9.25778212331722,0.921535065563304,7148.81117343848,Critical
1,0,0,0,1,0,1,-178.859933850393,29.3107604522299,7260,9.25778212331722,0.921535065563304,7148.96664182661,Critical
1,0,0,0,1,0,1,-178.859933850393,29.3107604522299,7260,9.25778212331722,0.921535065563304,7149.12691109115,Critical
1,0,0,0,1,0,1,-178.859933850393,29.3107604522299,7260,9.25778212331722,0.921535065563304,7149.29198124162,Critical
1,0,0,0,1,0,1,-178.859933850393,29.3107604522299,7260,9.25778212331722,0.921535065563304,7149.46185187848,Critical
1,0,0,0,1,0,1,-178.859933850393,29.3107604522299,7260,9.25778212331722,0.921535065563304,7149.63652219648,Critical
1,0,0,0,1,0,1,-178.859933850393,29.3107604522299,7260,9.25778212331722,0.921535065563304,7149.81599099018,Critical
1,0,0,0,1,0,1,-178.859933850393,29.3107604522299,7260,9.25778212331722,0.921535065563304,7150.00025666077,Critical
1,0,0,0,1,0,1,-178.859933850393,29.3107604522299,7260,9.25778212331722,0.921535065563304,7150.18931722557,Critical
1,0,0,0,1,0,1,-178.859933850393,29.3107604522299,7260,9.25778212331722,0.921535065563304,7150.3831703296,Critical
1,0,0,0,1,0,1,-178.859933850393,29.3107604522299,7260,9.25778212331722,0.921535065563304,7150.58181325786,Critical
1,0,0,0,1,0,1,-178.859933850393,29.3107604522299,7260,9.25778212331722,0.921535065563304,7150.78524294729,Critical
1,0,0,0,1,0,1,-178.859933850393,29.3107604522299,7260,9.25778212331722,0.921535065563304,7150.99345599787,Critical
1,0,0,0,1,0,1,-178.859933850393,29.3107604522299,7260,9.25778212331722,0.921535065563304,7151.20644868214,Critical
1,0,0,0,1,0,1,-178.859933850393,29.3107604522299,7260,9.25778212331722,0.921535065563304,7151.42421695947,Critical
1,0,0,0,1,0,1,-178.859933850393,29.3107604522299,7260,9.25778212331722,0.921535065563304,7151.64675647923,Critical
1,0,0,0,1,0,1,-178.859933850393,29.3107604522299,7260,9.25778212331722,0.921535065563304,7151.87406259559,Critical
1,0,0,0,1,0,1,-178.859933850393,29.3107604522299,7260,9.25778212331722,0.921535065563304,7152.10613037524,Critical
1,0,0,0,1,0,1,-178.859933850393,29.3107604522299,7260,9.25778212331722,0.921535065563304,7152.34295460527,Critical
1,0,0,0,1,0,1,-178.859933850393,29.3107604522299,7260,9.25778212331722,0.921535065563304,7152.58452979772,Critical
1,0,0,0,1,0,1,-178.859933850393,29.3107604522299,7260,9.25778212331722,0.921535065563304,7152.83085019298,Critical
1,0,0,0,1,0,1,-178.859933850393,29.3107604522299,7260,9.25778212331722,0.921535065563304,7153.08190976164,Critical
1,0,0,0,1,0,1,-178.859933850393,29.3107604522299,7260,9.25778212331722,0.921535065563304,7153.33770220505,Critical
1,0,0,0,1,0,1,-178.859933850393,29.3107604522299,7260,9.25778212331722,0.921535065563304,7153.5982209541,Critical
1,0,0,0,1,0,1,-178.859933850393,29.3107604522299,7260,9.25778212331722,0.921535065563304,7153.86345916603,Critical
1,0,0,0,1,0,1,-178.859933850393,29.3107604522299,7260,9.25778212331722,0.921535065563304,7154.13340971911,Critical
1,0,0,0,1,0,1,-178.859933850393,29.3107604522299,7260,9.25778212331722,0.921535065563304,7154.40806520547,Critical
1,0,0,0,1,0,1,-178.859933850393,29.3107604522299,7260,9.25778212331722,0.921535065563304,7154.68741792232,Critical
1,0,0,0,1,0,1,-178.859933850393,29.3107604522299,7260,9.25778212331722,0.921535065563304,7154.97145986177,Critical
1,0,0,0,1,0,1,-178.859933850393,29.3107604522299,7260,9.25778212331722,0.921535065563304,7155.26018269955,Critical
1,0,0,0,1,0,1,-178.859933850393,29.3107604522299,7260,9.25778212331722,0.921535065563304,7155.5535777826,Critical
1,0,0,0,1,0,1,-178.859933850393,29.3107604522299,7260,9.25778212331722,0.921535065563304,7155.85163611589,Critical
1,0,0,0,1,0,1,-178.859933850393,29.3107604522299,7260,9.25778212331722,0.921535065563304,7156.15434834855,Critical
1,0,0,0,1,0,1,-178.859933850393,29.3107604522299,7260,9.25778212331722,0.921535065563304,7156.46170475986,Critical
1,0,0,0,1,0,1,-178.859933850393,29.3107604522299,7260,9.25778212331722,0.921535065563304,7156.77369524526,Critical
1,0,0,0,1,0,1,-178.859933850393,29.3107604522299,7260,9.25778212331722,0.921535065563304,7157.09030930276,Critical
1,0,0,0,1,0,1,-178.859933850393,29.3107604522299,7260,9.25778212331722,0.921535065563304,7157.41153602012,Critical
1,0,0,0,1,0,1,-178.859933850393,29.3107604522299,7260,9.25778212331722,0.921535065563304,7157.73736406301,Critical
1,0,0,0,1,0,1,-178.859933850393,29.3107604522299,7260,9.25778212331722,0.921535065563304,7158.06778166441,Critical
1,0,0,0,1,0,1,-178.859933850393,29.3107604522299,7260,9.25778212331722,0.921535065563304,7158.4027766157,Critical
1,0,0,0,1,0,1,-178.859933850393,29.3107604522299,7260,9.25778212331722,0.921535065563304,7158.74233625947,Critical
1,0,0,0,1,0,1,-178.859933850393,29.3107604522299,7260,9.25778212331722,0.921535065563304,7159.08644748456,Critical
1,0,0,0,1,0,1,-178.859933850393,29.3107604522299,7260,9.25778212331722,0.921535065563304,7159.43509672327,Critical
1,0,0,0,1,0,1,-178.859933850393,29.3107604522299,7260,9.25778212331722,0.921535065563304,7159.78826995116,Critical
1,0,0,0,1,0,1,-178.859933850393,29.3107604522299,7260,9.25778212331722,0.921535065563304,7160.14595268936,Critical
1,0,0,0,1,0,1,-178.859933850393,29.3107604522299,7260,9.25778212331722,0.921535065563304,7160.50813000962,Critical
1,0,0,0,1,0,1,-178.859933850393,29.3107604522299,7260,9.25778212331722,0.921535065563304,7160.87478654206,Critical
1,0,0,0,1,0,1,-178.859933850393,29.3107604522299,7260,9.25778212331722,0.921535065563304,7161.24590648086,Critical
1,0,0,0,1,0,1,-178.859933850393,29.3107604522299,7260,9.25778212331722,0.921535065563304,7161.62147362451,Critical
1,0,0,0,1,0,1,-178.859933850393,29.3107604522299,7260,9.25778212331722,0.921535065563304,7162.00147132352,Critical
1,0,0,0,1,0,1,-178.859933850393,29.3107604522299,7260,9.25778212331722,0.921535065563304,7162.38588259863,Critical
1,0,0,0,1,0,1,-178.859933850393,29.3107604522299,7260,9.25778212331722,0.921535065563304,7162.77469005939,Critical
1,0,0,0,1,0,1,-178.859933850393,29.3107604522299,7260,9.25778212331722,0.921535065563304,7163.16787600392,Critical
1,0,0,0,1,0,1,-178.859933850393,29.3107604522299,7260,9.25778212331722,0.921535065563304,7163.56542239946,Critical
1,0,0,0,1,0,1,-178.859933850393,29.3107604522299,7260,9.25778212331722,0.921535065563304,7163.96731092309,Critical
1,0,0,0,1,0,1,-178.859933850393,29.3107604522299,7260,9.25778212331722,0.921535065563304,7164.37352298355,Critical
1,0,0,0,1,0,1,-178.859933850393,29.3107604522299,7260,9.25778212331722,0.921535065563304,7164.78403974668,Critical
1,0,0,0,1,0,1,-178.859933850393,29.3107604522299,7260,9.25778212331722,0.921535065563304,7165.19884216166,Critical
1,0,0,0,1,0,1,-178.859933850393,29.3107604522299,7260,9.25778212331722,0.921535065563304,7165.6179109875,Critical
1,0,0,0,1,0,1,-178.859933850393,29.3107604522299,7260,9.25778212331722,0.921535065563304,7166.04122681841,Critical
1,0,0,0,1,0,1,-178.859933850393,29.3107604522299,7260,9.25778212331722,0.921535065563304,7166.46877010504,Critical
1,0,0,0,1,0,1,-178.859933850393,29.3107604522299,7260,9.25778212331722,0.921535065563304,7166.90052117657,Critical
1,0,0,0,1,0,1,-178.859933850393,29.3107604522299,7260,9.25778212331722,0.921535065563304,7167.33646025877,Critical
1,0,0,0,1,0,1,-178.859933850393,29.3107604522299,7260,9.25778212331722,0.921535065563304,7167.77656749004,Critical
1,0,0,0,1,0,1,-178.859933850393,29.3107604522299,7260,9.25778212331722,0.921535065563304,7168.2208229345,Critical
1,0,0,0,1,0,1,-178.859933850393,29.3107604522299,7260,9.25778212331722,0.921535065563304,7168.6692065921,Critical
1,0,0,0,1,0,1,-178.859933850393,29.3107604522299,7260,9.25778212331722,0.921535065563304,7169.12169840508,Critical
1,0,0,0,1,0,1,-178.859933850393,29.3107604522299,7260,9.25778212331722,0.921535065563304,7169.57827826061,Critical
1,0,0,0,1,0,1,-178.859933850393,29.3107604522299,7260,9.25778212331722,0.921535065563304,7170.03892598944,Critical
1,0,0,0,1,0,1,-178.859933850393,29.3107604522299,7260,9.25778212331722,0.921535065563304,7170.50362136086,Critical
1,0,0,0,1,0,1,-178.859933850393,29.3107604522299,7260,9.25778212331722,0.921535065563304,7170.97234407389,Critical
1,0,0,0,1,0,1,-178.859933850393,29.3107604522299,7260,9.25778212331722,0.921535065563304,7171.44507374501,Critical
1,0,0,0,1,0,1,-178.859933850393,29.3107604522299,7260,9.25778212331722,0.921535065563304,7171.9217898925,Critical
1,0,0,0,1,0,1,-178.859933850393,29.3107604522299,7260,9.25778212331722,0.921535065563304,7172.4024719176,Critical
1,0,0,0,1,0,1,-178.859933850393,29.3107604522299,7260,9.25778212331722,0.921535065563304,7172.88709908279,Critical
1,0,0,0,1,0,1,-178.859933850393,29.3107604522299,7260,9.25778212331722,0.921535065563304,7173.375654598,Critical
1,0,0,0,1,0,1,-178.859933850393,29.3107604522299,7260,9.25778212331722,0.921535065563304,7173.86815510764,Critical
1,0,0,0,1,0,1,-178.859933850393,29.3107604522299,7260,9.25778212331722,0.921535065563304,7174.3646695324,Critical
1,0,0,0,1,0,1,-178.859933850393,29.3107604522299,7260,9.25778212331722,0.921535065563304,7174.86525983542,Critical
1,0,0,0,1,0,1,-178.859933850393,29.3107604522299,7260,9.25778212331722,0.921535065563304,7175.36990970352,Critical
1,0,0,0,1,0,1,-178.859933850393,29.3107604522299,7260,9.25778212331722,0.921535065563304,7175.8785184536,Critical
1,0,0,0,1,0,1,-178.859933850393,29.3107604522299,7260,9.25778212331722,0.921535065563304,7176.39094025855,Critical
1,0,0,0,1,0,1,-178.859933850393,29.3107604522299,7260,9.25778212331722,0.921535065563304,7176.90703308281,Critical
1,0,0,0,1,0,1,-178.859933850393,29.3107604522299,7260,9.25778212331722,0.921535065563304,7177.42668227055,Critical
1,0,0,0,1,0,1,-178.859933850393,29.3107604522299,7260,9.25778212331722,0.921535065563304,7177.94979336451,Critical
1,0,0,0,1,0,1,-178.859933850393,29.3107604522299,7260,9.25778212331722,0.921535065563304,7178.47627031034,Critical
1,0,0,0,1,0,1,-178.859933850393,29.3107604522299,7260,9.25778212331722,0.921535065563304,7179.0059976253,Critical
1,0,0,0,1,0,1,-178.859933850393,29.3107604522299,7260,9.25778212331722,0.921535065563304,7179.53883789956,Critical
1,0,0,0,1,0,1,-178.859933850393,29.3107604522299,7260,9.25778212331722,0.921535065563304,7180.07464043085,Critical
1,0,0,0,1,0,1,-178.859933850393,29.3107604522299,7260,9.25778212331722,0.921535065563304,7180.6132524755,Critical
1,0,0,0,1,0,1,-178.859933850393,29.3107604522299,7260,9.25778212331722,0.921535065563304,7181.1545250777,Critical
1,0,0,0,1,0,1,-178.859933850393,29.3107604522299,7260,9.25778212331722,0.921535065563304,7181.69831259957,Critical
1,0,0,0,1,0,1,-178.859933850393,29.3107604522299,7260,9.25778212331722,0.921535065563304,7182.2444685807,Critical
1,0,0,0,1,0,1,-178.859933850393,29.3107604522299,7260,9.25778212331722,0.921535065563304,7182.79284186702,Critical
1,0,0,0,1,0,1,-178.859933850393,29.3107604522299,7260,9.25778212331722,0.921535065563304,7183.34327599928,Critical
1,0,0,0,1,0,1,-178.859933850393,29.3107604522299,7260,9.25778212331722,0.921535065563304,7183.89561115753,Critical
1,0,0,0,1,0,1,-178.859933850393,29.3107604522299,7260,9.25778212331722,0.921535065563304,7184.44968661862,Critical
1,0,0,0,1,0,1,-178.859933850393,29.3107604522299,7260,9.25778212331722,0.921535065563304,7185.00534277959,Critical
1,0,0,0,1,0,1,-178.859933850393,29.3107604522299,7260,9.25778212331722,0.921535065563304,7185.56242102252,Critical
1,0,0,0,1,0,1,-178.859933850393,29.3107604522299,7260,9.25778212331722,0.921535065563304,7186.12076312594,Critical
1,0,0,0,1,0,1,-178.859933850393,29.3107604522299,7260,9.25778212331722,0.921535065563304,7186.68021070363,Critical
1,0,0,0,1,0,1,-178.859933850393,29.3107604522299,7260,9.25778212331722,0.921535065563304,7187.24060518015,Critical
1,0,0,0,1,0,1,-178.859933850393,29.3107604522299,7260,9.25778212331722,0.921535065563304,7187.80178827448,Critical
1,0,0,0,1,0,1,-178.859933850393,29.3107604522299,7260,9.25778212331722,0.921535065563304,7188.36360265091,Critical
1,0,0,0,1,0,1,-178.859933850393,29.3107604522299,7260,9.25778212331722,0.921535065563304,7188.92589240145,Critical
1,0,0,0,1,0,1,-178.859933850393,29.3107604522299,7260,9.25778212331722,0.921535065563304,7189.48850323712,Critical
1,0,0,0,1,0,1,-178.859933850393,29.3107604522299,7260,9.25778212331722,0.921535065563304,7190.05128247953,Critical
1,0,0,0,1,0,1,-178.859933850393,29.3107604522299,7260,9.25778212331722,0.921535065563304,7190.6140790232,Critical
1,0,0,0,1,0,1,-178.859933850393,29.3107604522299,7260,9.25778212331722,0.921535065563304,7191.176743384,Critical
1,0,0,0,1,0,1,-178.859933850393,29.3107604522299,7260,9.25778212331722,0.921535065563304,7191.73912784489,Critical
1,0,0,0,1,0,1,-178.859933850393,29.3107604522299,7260,9.25778212331722,0.921535065563304,7192.30108663759,Critical
1,0,0,0,1,0,1,-178.859933850393,29.3107604522299,7260,9.25778212331722,0.921535065563304,7192.86247609008,Critical
1,0,0,0,1,0,1,-178.859933850393,29.3107604522299,7260,9.25778212331722,0.921535065563304,7193.42315470825,Critical
1,0,0,0,1,0,1,-178.859933850393,29.3107604522299,7260,9.25778212331722,0.921535065563304,7193.98298320251,Critical
1,0,0,0,1,0,1,-178.859933850393,29.3107604522299,7260,9.25778212331722,0.921535065563304,7194.54182449562,Critical
1,0,0,0,1,0,1,-178.859933850393,29.3107604522299,7260,9.25778212331722,0.921535065563304,7195.09954373246,Critical
1,0,0,0,1,0,1,-178.859933850393,29.3107604522299,7260,9.25778212331722,0.921535065563304,7195.65600830121,Critical
1,0,0,0,1,0,1,-178.859933850393,29.3107604522299,7260,9.25778212331722,0.921535065563304,7196.21108785739,Critical
1,0,0,0,1,0,1,-178.859933850393,29.3107604522299,7260,9.25778212331722,0.921535065563304,7196.76465433784,Critical
1,0,0,0,1,0,1,-178.859933850393,29.3107604522299,7260,9.25778212331722,0.921535065563304,7197.31658195689,Critical
1,0,0,0,1,0,1,-178.859933850393,29.3107604522299,7260,9.25778212331722,0.921535065563304,7197.86674718584,Critical
1,0,0,0,1,0,1,-178.859933850393,29.3107604522299,7260,9.25778212331722,0.921535065563304,7198.41502872169,Critical
1,0,0,0,1,0,1,-178.859933850393,29.3107604522299,7260,9.25778212331722,0.921535065563304,7198.96130745149,Critical
1,0,0,0,1,0,1,-178.859933850393,29.3107604522299,7260,9.25778212331722,0.921535065563304,7199.50546641546,Critical
1,0,0,0,1,0,1,-178.859933850393,29.3107604522299,7260,9.25778212331722,0.921535065563304,7200.04739076862,Critical
1,0,0,0,1,0,1,-178.859933850393,29.3107604522299,7260,9.25778212331722,0.921535065563304,7200.58696773925,Critical
1,0,0,0,1,0,1,-178.859933850393,29.3107604522299,7260,9.25778212331722,0.921535065563304,7201.12408658324,Critical
1,0,0,0,1,0,1,-178.859933850393,29.3107604522299,7260,9.25778212331722,0.921535065563304,7201.65863853467,Critical
1,0,0,0,1,0,1,-178.859933850393,29.3107604522299,7260,9.25778212331722,0.921535065563304,7202.19051426039,Critical
1,0,0,0,1,0,1,-178.859933850393,29.3107604522299,7260,9.25778212331722,0.921535065563304,7202.71958575183,Critical
1,0,0,0,1,0,1,-178.859933850393,29.3107604522299,7260,9.25778212331722,0.921535065563304,7203.24569437502,Critical
1,0,0,0,1,0,1,-178.859933850393,29.3107604522299,7260,9.25778212331722,0.921535065563304,7203.768681393,Critical
1,0,0,0,1,0,1,-178.859933850393,29.3107604522299,7260,9.25778212331722,0.921535065563304,7204.2884268974,Critical
1,0,0,0,1,0,1,-178.859933850393,29.3107604522299,7260,9.25778212331722,0.921535065563304,7204.80485617085,Critical
1,0,0,0,1,0,1,-178.859933850393,29.3107604522299,7260,9.25778212331722,0.921535065563304,7205.3179230714,Critical
1,0,0,0,1,0,1,-178.859933850393,29.3107604522299,7260,9.25778212331722,0.921535065563304,7205.82758735535,Critical
1,0,0,0,1,0,1,-178.859933850393,29.3107604522299,7260,9.25778212331722,0.921535065563304,7206.33380109562,Critical
1,0,0,0,1,0,1,-178.859933850393,29.3107604522299,7260,9.25778212331722,0.921535065563304,7206.83650895867,Critical
1,0,0,0,1,0,1,-178.859933850393,29.3107604522299,7260,9.25778212331722,0.921535065563304,7207.33565570117,Critical
1,0,0,0,1,0,1,-178.859933850393,29.3107604522299,7260,9.25778212331722,0.921535065563304,7207.83119298951,Critical
1,0,0,0,1,0,1,-178.859933850393,29.3107604522299,7260,9.25778212331722,0.921535065563304,7208.32308243354,Critical
1,0,0,0,1,0,1,-178.859933850393,29.3107604522299,7260,9.25778212331722,0.921535065563304,7208.81129626275,Critical
1,0,0,0,1,0,1,-178.859933850393,29.3107604522299,7260,9.25778212331722,0.921535065563304,7209.29582551212,Critical
1,0,0,0,1,0,1,-178.859933850393,29.3107604522299,7260,9.25778212331722,0.921535065563304,7209.776677651,Critical
1,0,0,0,1,0,1,-178.859933850393,29.3107604522299,7260,9.25778212331722,0.921535065563304,7210.25385681554,Critical
1,0,0,0,1,0,1,-178.859933850393,29.3107604522299,7260,9.25778212331722,0.921535065563304,7210.72734907437,Critical
1,0,0,0,1,0,1,-178.859933850393,29.3107604522299,7260,9.25778212331722,0.921535065563304,7211.19712486445,Critical
1,0,0,0,1,0,1,-178.859933850393,29.3107604522299,7260,9.25778212331722,0.921535065563304,7211.66314831005,Critical
1,0,0,0,1,0,1,-178.859933850393,29.3107604522299,7260,9.25778212331722,0.921535065563304,7212.12538773427,Critical
1,0,0,0,1,0,1,-178.859933850393,29.3107604522299,7260,9.25778212331722,0.921535065563304,7212.58381923456,Critical
1,0,0,0,1,0,1,-178.859933850393,29.3107604522299,7260,9.25778212331722,0.921535065563304,7213.03842528951,Critical
1,0,0,0,1,0,1,-178.859933850393,29.3107604522299,7260,9.25778212331722,0.921535065563304,7213.48919122619,Critical
1,0,0,0,1,0,1,-178.859933850393,29.3107604522299,7260,9.25778212331722,0.921535065563304,7213.93610222559,Critical
1,0,0,0,1,0,1,-178.859933850393,29.3107604522299,7260,9.25778212331722,0.921535065563304,7214.37914228858,Critical
1,0,0,0,1,0,1,-178.859933850393,29.3107604522299,7260,9.25778212331722,0.921535065563304,7214.81829491627,Critical
1,0,0,0,1,0,1,-178.859933850393,29.3107604522299,7260,9.25778212331722,0.921535065563304,7215.2535444404,Caution
1,0,0,0,1,0,1,-178.859933850393,29.3107604522299,7260,9.25778212331722,0.921535065563304,7215.68487708484,Caution
1,0,0,0,1,0,1,-178.859933850393,29.3107604522299,7260,9.25778212331722,0.921535065563304,7216.11228126457,Caution
1,0,0,0,1,0,1,-178.859933850393,29.3107604522299,7260,9.25778212331722,0.921535065563304,7216.53574731874,Caution
1,0,0,0,1,0,1,-178.859933850393,29.3107604522299,7260,9.25778212331722,0.921535065563304,7216.95526708315,Caution
1,0,0,0,1,0,1,-178.859933850393,29.3107604522299,7260,9.25778212331722,0.921535065563304,7217.37083358629,Caution
1,0,0,0,1,0,1,-178.859933850393,29.3107604522299,7260,9.25778212331722,0.921535065563304,7217.78244096405,Caution
1,0,0,0,1,0,1,-178.859933850393,29.3107604522299,7260,9.25778212331722,0.921535065563304,7218.19008459168,Caution
1,0,0,0,1,0,1,-178.859933850393,29.3107604522299,7260,9.25778212331722,0.921535065563304,7218.5937611425,Caution
1,0,0,0,1,0,1,-178.859933850393,29.3107604522299,7260,9.25778212331722,0.921535065563304,7218.99346868296,Caution
1,0,0,0,1,0,1,-178.859933850393,29.3107604522299,7260,9.25778212331722,0.921535065563304,7219.38920665896,Caution
1,0,0,0,1,0,1,-178.859933850393,29.3107604522299,7260,9.25778212331722,0.921535065563304,7219.78097583125,Caution
1,0,0,0,1,0,1,-178.859933850393,29.3107604522299,7260,9.25778212331722,0.921535065563304,7220.16877819941,Caution
1,0,0,0,1,0,1,-178.859933850393,29.3107604522299,7260,9.25778212331722,0.921535065563304,7220.552616896,Caution
1,0,0,0,1,0,1,-178.859933850393,29.3107604522299,7260,9.25778212331722,0.921535065563304,7220.93249614943,Caution
1,0,0,0,1,0,1,-178.859933850393,29.3107604522299,7260,9.25778212331722,0.921535065563304,7221.30842124685,Caution
1,0,0,0,1,0,1,-178.859933850393,29.3107604522299,7260,9.25778212331722,0.921535065563304,7221.68039849882,Caution
1,0,0,0,1,0,1,-178.859933850393,29.3107604522299,7260,9.25778212331722,0.921535065563304,7222.04843549678,Caution
1,0,0,0,1,0,1,-178.859933850393,29.3107604522299,7260,9.25778212331722,0.921535065563304,7222.41254162196,Caution
1,0,0,0,1,0,1,-178.859933850393,29.3107604522299,7260,9.25778212331722,0.921535065563304,7222.7727279128,Caution
1,0,0,0,1,0,1,-178.859933850393,29.3107604522299,7260,9.25778212331722,0.921535065563304,7223.12900687284,Caution
1,0,0,0,1,0,1,-178.859933850393,29.3107604522299,7260,9.25778212331722,0.921535065563304,7223.48139266804,Caution
1,0,0,0,1,0,1,-178.859933850393,29.3107604522299,7260,9.25778212331722,0.921535065563304,7223.82990127785,Caution
1,0,0,0,1,0,1,-178.859933850393,29.3107604522299,7260,9.25778212331722,0.921535065563304,7224.17455031711,Caution
1,0,0,0,1,0,1,-178.859933850393,29.3107604522299,7260,9.25778212331722,0.921535065563304,7224.51535842218,Caution
1,0,0,0,1,0,1,-178.859933850393,29.3107604522299,7260,9.25778212331722,0.921535065563304,7224.85234470927,Caution
1,0,0,0,1,0,1,-178.859933850393,29.3107604522299,7260,9.25778212331722,0.921535065563304,7225.18552846095,Caution
1,0,0,0,1,0,1,-178.859933850393,29.3107604522299,7260,9.25778212331722,0.921535065563304,7225.51492912286,Caution
1,0,0,0,1,0,1,-178.859933850393,29.3107604522299,7260,9.25778212331722,0.921535065563304,7225.84056648582,Caution
1,0,0,0,1,0,1,-178.859933850393,29.3107604522299,7260,9.25778212331722,0.921535065563304,7226.16246084282,Caution
1,0,0,0,1,0,1,-178.859933850393,29.3107604522299,7260,9.25778212331722,0.921535065563304,7226.48063296923,Caution
1,0,0,0,1,0,1,-178.859933850393,29.3107604522299,7260,9.25778212331722,0.921535065563304,7226.79510398199,Caution
1,0,0,0,1,0,1,-178.859933850393,29.3107604522299,7260,9.25778212331722,0.921535065563304,7227.1058951913,Caution
1,0,0,0,1,0,1,-178.859933850393,29.3107604522299,7260,9.25778212331722,0.921535065563304,7227.41302790304,Caution
1,0,0,0,1,0,1,-178.859933850393,29.3107604522299,7260,9.25778212331722,0.921535065563304,7227.71652347842,Caution
1,0,0,0,1,0,1,-178.859933850393,29.3107604522299,7260,9.25778212331722,0.921535065563304,7228.01640326923,Caution
1,0,0,0,1,0,1,-178.859933850393,29.3107604522299,7260,9.25778212331722,0.921535065563304,7228.3126887303,Caution
1,0,0,0,1,0,1,-178.859933850393,29.3107604522299,7260,9.25778212331722,0.921535065563304,7228.60540140782,Caution
1,0,0,0,1,0,1,-178.859933850393,29.3107604522299,7260,9.25778212331722,0.921535065563304,7228.89456295118,Caution
1,0,0,0,1,0,1,-178.859933850393,29.3107604522299,7260,9.25778212331722,0.921535065563304,7229.18019507677,Caution
1,0,0,0,1,0,1,-178.859933850393,29.3107604522299,7260,9.25778212331722,0.921535065563304,7229.46231957336,Caution
1,0,0,0,1,0,1,-178.859933850393,29.3107604522299,7260,9.25778212331722,0.921535065563304,7229.74095830825,Caution
1,0,0,0,1,0,1,-178.859933850393,29.3107604522299,7260,9.25778212331722,0.921535065563304,7230.01613324537,Caution
1,0,0,0,1,0,1,-178.859933850393,29.3107604522299,7260,9.25778212331722,0.921535065563304,7230.28786647082,Caution
1,0,0,0,1,0,1,-178.859933850393,29.3107604522299,7260,9.25778212331722,0.921535065563304,7230.55618021914,Caution
1,0,0,0,1,0,1,-178.859933850393,29.3107604522299,7260,9.25778212331722,0.921535065563304,7230.82109689686,Caution
1,0,0,0,1,0,1,-178.859933850393,29.3107604522299,7260,9.25778212331722,0.921535065563304,7231.08263910314,Caution
1,0,0,0,1,0,1,-178.859933850393,29.3107604522299,7260,9.25778212331722,0.921535065563304,7231.34082964945,Caution
1,0,0,0,1,0,1,-178.859933850393,29.3107604522299,7260,9.25778212331722,0.921535065563304,7231.59569157961,Caution
1,0,0,0,1,0,1,-178.859933850393,29.3107604522299,7260,9.25778212331722,0.921535065563304,7231.84724819067,Caution
1,0,0,0,1,0,1,-178.859933850393,29.3107604522299,7260,9.25778212331722,0.921535065563304,7232.09552305394,Caution
1,0,0,0,1,0,1,-178.859933850393,29.3107604522299,7260,9.25778212331722,0.921535065563304,7232.34054003512,Caution
1,0,0,0,1,0,1,-178.859933850393,29.3107604522299,7260,9.25778212331722,0.921535065563304,7232.58232331264,Caution
1,0,0,0,1,0,1,-178.859933850393,29.3107604522299,7260,9.25778212331722,0.921535065563304,7232.82089739385,Caution
1,0,0,0,1,0,1,-178.859933850393,29.3107604522299,7260,9.25778212331722,0.921535065563304,7233.05628712906,Caution
1,0,0,0,1,0,1,-178.859933850393,29.3107604522299,7260,9.25778212331722,0.921535065563304,7233.28851772345,Caution
1,0,0,0,1,0,1,-178.859933850393,29.3107604522299,7260,9.25778212331722,0.921535065563304,7233.51761474705,Caution
1,0,0,0,1,0,1,-178.859933850393,29.3107604522299,7260,9.25778212331722,0.921535065563304,7233.74360414272,Caution
1,0,0,0,1,0,1,-178.859933850393,29.3107604522299,7260,9.25778212331722,0.921535065563304,7233.96651223202,Caution
1,0,0,0,1,0,1,-178.859933850393,29.3107604522299,7260,9.25778212331722,0.921535065563304,7234.18636571887,Caution
1,0,0,0,1,0,1,-178.859933850393,29.3107604522299,7260,9.25778212331722,0.921535065563304,7234.40319169103,Caution
1,0,0,0,1,0,1,-178.859933850393,29.3107604522299,7260,9.25778212331722,0.921535065563304,7234.61701761922,Caution
1,0,0,0,1,0,1,-178.859933850393,29.3107604522299,7260,9.25778212331722,0.921535065563304,7234.82787135424,Caution
1,0,0,0,1,0,1,-178.859933850393,29.3107604522299,7260,9.25778212331722,0.921535065563304,7235.03578112194,Nominal
1,0,0,0,1,0,1,-178.859933850393,29.3107604522299,7260,9.25778212331722,0.921535065563304,7235.24077551615,Nominal
1,0,0,0,1,0,1,-178.859933850393,29.3107604522299,7260,9.25778212331722,0.921535065563304,7235.44288348991,Nominal
1,0,0,0,1,0,1,-178.859933850393,29.3107604522299,7260,9.25778212331722,0.921535065563304,7235.64213434469,Nominal
1,0,0,0,1,0,1,-178.859933850393,29.3107604522299,7260,9.25778212331722,0.921535065563304,7235.83855771807,Nominal
1,0,0,0,1,0,1,-178.859933850393,29.3107604522299,7260,9.25778212331722,0.921535065563304,7236.03218356978,Nominal
1,0,0,0,1,0,1,-178.859933850393,29.3107604522299,7260,9.25778212331722,0.921535065563304,7236.22304216627,Nominal
1,0,0,0,1,0,1,-178.859933850393,29.3107604522299,7260,9.25778212331722,0.921535065563304,7236.411164064,Nominal
1,0,0,0,1,0,1,-178.859933850393,29.3107604522299,7260,9.25778212331722,0.921535065563304,7236.59658009142,Nominal
1,0,0,0,1,0,1,-178.859933850393,29.3107604522299,7260,9.25778212331722,0.921535065563304,7236.77932133,Nominal
1,0,0,0,1,0,1,-178.859933850393,29.3107604522299,7260,9.25778212331722,0.921535065563304,7236.95941909422,Nominal
1,0,0,0,1,0,1,-178.859933850393,29.3107604522299,7260,9.25778212331722,0.921535065563304,7237.13690491075,Nominal
1,0,0,0,1,0,1,-178.859933850393,29.3107604522299,7260,9.25778212331722,0.921535065563304,7237.31181049694,Nominal
1,0,0,0,1,0,1,-178.859933850393,29.3107604522299,7260,9.25778212331722,0.921535065563304,7237.48416773876,Nominal
1,0,0,0,1,0,1,144.760418124113,10.591972041409,7260,6.32844581821112,0.897294686253294,7237.65400866821,Nominal
1,0,0,0,1,0,1,144.760418124113,10.591972041409,7260,6.32844581821112,0.897294686253294,7237.82135958558,Nominal
1,0,0,0,1,0,1,144.760418124113,10.591972041409,7260,6.32844581821112,0.897294686253294,7237.98625036399,Nominal
1,0,0,0,1,0,1,144.760418124113,10.591972041409,7260,6.32844581821112,0.897294686253294,7238.14872131989,Nominal
1,0,0,0,1,0,1,144.760418124113,10.591972041409,7260,6.32844581821112,0.897294686253294,7238.3088174748,Nominal
1,0,0,0,1,0,1,144.760418124113,10.591972041409,7260,6.32844581821112,0.897294686253294,7238.46658991457,Nominal
1,0,0,0,1,0,1,144.760418124113,10.591972041409,7260,6.32844581821112,0.897294686253294,7238.62209662222,Nominal
1,0,0,0,1,0,1,144.760418124113,10.591972041409,7260,6.32844581821112,0.897294686253294,7238.77540455034,Nominal
1,0,0,0,1,0,1,144.760418124113,10.591972041409,7260,6.32844581821112,0.897294686253294,7238.9265903665,Nominal
1,0,0,0,1,0,1,144.760418124113,10.591972041409,7260,6.32844581821112,0.897294686253294,7239.07574055235,Nominal
1,0,0,0,1,0,1,144.760418124113,10.591972041409,7260,6.32844581821112,0.897294686253294,7239.22295085559,Nominal
1,0,0,0,1,0,1,144.760418124113,10.591972041409,7260,6.32844581821112,0.897294686253294,7239.368323206,Nominal
1,0,0,0,1,0,1,144.760418124113,10.591972041409,7260,6.32844581821112,0.897294686253294,7239.51196173191,Nominal
1,0,0,0,1,0,1,144.760418124113,10.591972041409,7260,6.32844581821112,0.897294686253294,7239.6539718321,Nominal
1,0,0,0,1,0,1,144.760418124113,10.591972041409,7260,6.32844581821112,0.897294686253294,7239.79445733922,Nominal
1,0,0,0,1,0,1,144.760418124113,10.591972041409,7260,6.32844581821112,0.897294686253294,7239.93351585584,Nominal
1,0,0,0,1,0,1,144.760418124113,10.591972041409,7260,6.32844581821112,0.897294686253294,7240.0712351865,Nominal
1,0,0,0,1,0,1,144.760418124113,10.591972041409,7260,6.32844581821112,0.897294686253294,7240.20769167477,Nominal
1,0,0,0,1,0,1,144.760418124113,10.591972041409,7260,6.32844581821112,0.897294686253294,7240.34295055527,Nominal
1,0,0,0,1,0,1,144.760418124113,10.591972041409,7260,6.32844581821112,0.897294686253294,7240.47707020311,Nominal
1,0,0,0,1,0,1,144.760418124113,10.591972041409,7260,6.32844581821112,0.897294686253294,7240.61010508941,Nominal
1,0,0,0,1,0,1,144.760418124113,10.591972041409,7260,6.32844581821112,0.897294686253294,7240.74210725914,Nominal
1,0,0,0,1,0,1,144.760418124113,10.591972041409,7260,6.32844581821112,0.897294686253294,7240.87312980174,Nominal
1,0,0,0,1,0,1,144.760418124113,10.591972041409,7260,6.32844581821112,0.897294686253294,7241.00322870528,Nominal
1,0,0,0,1,0,1,144.760418124113,10.591972041409,7260,6.32844581821112,0.897294686253294,7241.13246289649,Nominal
1,0,0,0,1,0,1,144.760418124113,10.591972041409,7260,6.32844581821112,0.897294686253294,7241.26089488967,Nominal
1,0,0,0,1,0,1,144.760418124113,10.591972041409,7260,6.32844581821112,0.897294686253294,7241.38858973178,Nominal
1,0,0,0,1,0,1,144.760418124113,10.591972041409,7260,6.32844581821112,0.897294686253294,7241.51561239745,Nominal
1,0,0,0,1,0,1,144.760418124113,10.591972041409,7260,6.32844581821112,0.897294686253294,7241.64202541614,Nominal
1,0,0,0,1,0,1,144.760418124113,10.591972041409,7260,6.32844581821112,0.897294686253294,7241.76788803671,Nominal
1,0,0,0,1,0,1,144.760418124113,10.591972041409,7260,6.32844581821112,0.897294686253294,7241.89325742071,Nominal
1,0,0,0,1,0,1,144.760418124113,10.591972041409,7260,6.32844581821112,0.897294686253294,7242.01819027739,Nominal
1,0,0,0,1,0,1,144.760418124113,10.591972041409,7260,6.32844581821112,0.897294686253294,7242.14274396669,Nominal
1,0,0,0,1,0,1,144.760418124113,10.591972041409,7260,6.32844581821112,0.897294686253294,7242.26697655824,Nominal
1,0,0,0,1,0,1,144.760418124113,10.591972041409,7260,6.32844581821112,0.897294686253294,7242.39094627482,Nominal
1,0,0,0,1,0,1,144.760418124113,10.591972041409,7260,6.32844581821112,0.897294686253294,7242.51471118584,Nominal
1,0,0,0,1,0,1,144.760418124113,10.591972041409,7260,6.32844581821112,0.897294686253294,7242.63832795009,Nominal
1,0,0,0,1,0,1,144.760418124113,10.591972041409,7260,6.32844581821112,0.897294686253294,7242.76185218753,Nominal
1,0,0,0,1,0,1,144.760418124113,10.591972041409,7260,6.32844581821112,0.897294686253294,7242.88533880632,Nominal
1,0,0,0,1,0,1,144.760418124113,10.591972041409,7260,6.32844581821112,0.897294686253294,7243.00884196856,Nominal
1,0,0,0,1,0,1,144.760418124113,10.591972041409,7260,6.32844581821112,0.897294686253294,7243.13241536016,Nominal
1,0,0,0,1,0,1,144.760418124113,10.591972041409,7260,6.32844581821112,0.897294686253294,7243.2561111076,Nominal
1,0,0,0,1,0,1,144.760418124113,10.591972041409,7260,6.32844581821112,0.897294686253294,7243.37998126548,Nominal
1,0,0,0,1,0,1,144.760418124113,10.591972041409,7260,6.32844581821112,0.897294686253294,7243.50407586492,Nominal
1,0,0,0,1,0,1,144.760418124113,10.591972041409,7260,6.32844581821112,0.897294686253294,7243.62844419047,Nominal
1,0,0,0,1,0,1,144.760418124113,10.591972041409,7260,6.32844581821112,0.897294686253294,7243.75313475366,Nominal
1,0,0,0,1,0,1,144.760418124113,10.591972041409,7260,6.32844581821112,0.897294686253294,7243.87819389964,Nominal
1,0,0,0,1,0,1,144.760418124113,10.591972041409,7260,6.32844581821112,0.897294686253294,7244.00366713211,Nominal
1,0,0,0,1,0,1,144.760418124113,10.591972041409,7260,6.32844581821112,0.897294686253294,7244.1295981592,Nominal
1,0,0,0,1,0,1,144.760418124113,10.591972041409,7260,6.32844581821112,0.897294686253294,7244.25602917118,Nominal
1,0,0,0,1,0,1,144.760418124113,10.591972041409,7260,6.32844581821112,0.897294686253294,7244.38300075882,Nominal
1,0,0,0,1,0,1,144.760418124113,10.591972041409,7260,6.32844581821112,0.897294686253294,7244.51055184674,Nominal
1,0,0,0,1,0,1,144.760418124113,10.591972041409,7260,6.32844581821112,0.897294686253294,7244.63871961952,Nominal
1,0,0,0,1,0,1,144.760418124113,10.591972041409,7260,6.32844581821112,0.897294686253294,7244.76753945772,Nominal
1,0,0,0,1,0,1,144.760418124113,10.591972041409,7260,6.32844581821112,0.897294686253294,7244.89704489027,Nominal
1,0,0,0,1,0,1,144.760418124113,10.591972041409,7260,6.32844581821112,0.897294686253294,7245.02726756277,Nominal
1,0,0,0,1,0,1,144.760418124113,10.591972041409,7260,6.32844581821112,0.897294686253294,7245.15823721754,Nominal
1,0,0,0,1,0,1,144.760418124113,10.591972041409,7260,6.32844581821112,0.897294686253294,7245.28998168169,Nominal
1,0,0,0,1,0,1,144.760418124113,10.591972041409,7260,6.32844581821112,0.897294686253294,7245.42252686177,Nominal
1,0,0,0,1,0,1,144.760418124113,10.591972041409,7260,6.32844581821112,0.897294686253294,7245.55589674564,Nominal
1,0,0,0,1,0,1,144.760418124113,10.591972041409,7260,6.32844581821112,0.897294686253294,7245.69011341251,Nominal
1,0,0,0,1,0,1,144.760418124113,10.591972041409,7260,6.32844581821112,0.897294686253294,7245.82519705264,Nominal
1,0,0,0,1,0,1,144.760418124113,10.591972041409,7260,6.32844581821112,0.897294686253294,7245.96116599668,Nominal
1,0,0,0,1,0,1,144.760418124113,10.591972041409,7260,6.32844581821112,0.897294686253294,7246.09803675454,Nominal
1,0,0,0,1,0,1,144.760418124113,10.591972041409,7260,6.32844581821112,0.897294686253294,7246.23582406294,Nominal
1,0,0,0,1,0,1,144.760418124113,10.591972041409,7260,6.32844581821112,0.897294686253294,7246.37454093291,Nominal
1,0,0,0,1,0,1,144.760418124113,10.591972041409,7260,6.32844581821112,0.897294686253294,7246.51419873343,Nominal
1,0,0,0,1,0,1,144.760418124113,10.591972041409,7260,6.32844581821112,0.897294686253294,7246.65480723184,Nominal
1,0,0,0,1,0,1,144.760418124113,10.591972041409,7260,6.32844581821112,0.897294686253294,7246.79637467455,Nominal
1,0,0,0,1,0,1,144.760418124113,10.591972041409,7260,6.32844581821112,0.897294686253294,7246.93890788194,Nominal
1,0,0,0,1,0,1,144.760418124113,10.591972041409,7260,6.32844581821112,0.897294686253294,7247.08241233541,Nominal
1,0,0,0,1,0,1,144.760418124113,10.591972041409,7260,6.32844581821112,0.897294686253294,7247.22689226219,Nominal
1,0,0,0,1,0,1,144.760418124113,10.591972041409,7260,6.32844581821112,0.897294686253294,7247.37235071893,Nominal
1,0,0,0,1,0,1,144.760418124113,10.591972041409,7260,6.32844581821112,0.897294686253294,7247.5187896783,Nominal
1,0,0,0,1,0,1,144.760418124113,10.591972041409,7260,6.32844581821112,0.897294686253294,7247.66621011846,Nominal
1,0,0,0,1,0,1,144.760418124113,10.591972041409,7260,6.32844581821112,0.897294686253294,7247.81461211385,Nominal
1,0,0,0,1,0,1,144.760418124113,10.591972041409,7260,6.32844581821112,0.897294686253294,7247.96399492473,Nominal
1,0,0,0,1,0,1,144.760418124113,10.591972041409,7260,6.32844581821112,0.897294686253294,7248.11435708336,Nominal
1,0,0,0,1,0,1,144.760418124113,10.591972041409,7260,6.32844581821112,0.897294686253294,7248.26569647595,Nominal
1,0,0,0,1,0,1,144.760418124113,10.591972041409,7260,6.32844581821112,0.897294686253294,7248.41801041966,Nominal
1,0,0,0,1,0,1,144.760418124113,10.591972041409,7260,6.32844581821112,0.897294686253294,7248.57129573471,Nominal
1,0,0,0,1,0,1,144.760418124113,10.591972041409,7260,6.32844581821112,0.897294686253294,7248.72554881103,Nominal
1,0,0,0,1,0,1,144.760418124113,10.591972041409,7260,6.32844581821112,0.897294686253294,7248.88076566909,Nominal
1,0,0,0,1,0,1,144.760418124113,10.591972041409,7260,6.32844581821112,0.897294686253294,7249.03694201439,Nominal
1,0,0,0,1,0,1,144.760418124113,10.591972041409,7260,6.32844581821112,0.897294686253294,7249.19407328509,Nominal
1,0,0,0,1,0,1,144.760418124113,10.591972041409,7260,6.32844581821112,0.897294686253294,7249.35215469252,Nominal
1,0,0,0,1,0,1,144.760418124113,10.591972041409,7260,6.32844581821112,0.897294686253294,7249.51118125348,Nominal
1,0,0,0,1,0,1,144.760418124113,10.591972041409,7260,6.32844581821112,0.897294686253294,7249.67114782213,Nominal
1,0,0,0,1,0,1,144.760418124113,10.591972041409,7260,6.32844581821112,0.897294686253294,7249.8320490894,Nominal
1,0,0,0,1,0,1,144.760418124113,10.591972041409,7260,6.32844581821112,0.897294686253294,7249.9938796346,Nominal
1,0,0,0,1,0,1,144.760418124113,10.591972041409,7260,6.32844581821112,0.897294686253294,7250.15663386875,Nominal
1,0,0,0,1,0,1,144.760418124113,10.591972041409,7260,6.32844581821112,0.897294686253294,7250.32030610221,Nominal
1,0,0,0,1,0,1,144.760418124113,10.591972041409,7260,6.32844581821112,0.897294686253294,7250.48489050793,Nominal
1,0,0,0,1,0,1,144.760418124113,10.591972041409,7260,6.32844581821112,0.897294686253294,7250.65038108153,Nominal
1,0,0,0,1,0,1,144.760418124113,10.591972041409,7260,6.32844581821112,0.897294686253294,7250.8167716503,Nominal
1,0,0,0,1,0,1,144.760418124113,10.591972041409,7260,6.32844581821112,0.897294686253294,7250.98405584533,Nominal
1,0,0,0,1,0,1,144.760418124113,10.591972041409,7260,6.32844581821112,0.897294686253294,7251.15222704835,Nominal
1,0,0,0,1,0,1,144.760418124113,10.591972041409,7260,6.32844581821112,0.897294686253294,7251.32127845228,Nominal
1,0,0,0,1,0,1,144.760418124113,10.591972041409,7260,6.32844581821112,0.897294686253294,7251.49120293456,Nominal
1,0,0,0,1,0,1,144.760418124113,10.591972041409,7260,6.32844581821112,0.897294686253294,7251.66199307365,Nominal
1,0,0,0,1,0,1,144.760418124113,10.591972041409,7260,6.32844581821112,0.897294686253294,7251.83364109643,Nominal
1,0,0,0,1,0,1,144.760418124113,10.591972041409,7260,6.32844581821112,0.897294686253294,7252.00613883952,Nominal
1,0,0,0,1,0,1,144.760418124113,10.591972041409,7260,6.32844581821112,0.897294686253294,7252.17947763651,Nominal
1,0,0,0,1,0,1,144.760418124113,10.591972041409,7260,6.32844581821112,0.897294686253294,7252.35364777758,Nominal
1,0,0,0,1,0,1,144.760418124113,10.591972041409,7260,6.32844581821112,0.897294686253294,7252.528638301,Nominal
1,0,0,0,1,0,1,144.760418124113,10.591972041409,7260,6.32844581821112,0.897294686253294,7252.7044369901,Nominal
1,0,0,0,1,0,1,144.760418124113,10.591972041409,7260,6.32844581821112,0.897294686253294,7252.88103016662,Nominal
1,0,0,0,1,0,1,144.760418124113,10.591972041409,7260,6.32844581821112,0.897294686253294,7253.05840250918,Nominal
1,0,0,0,1,0,1,144.760418124113,10.591972041409,7260,6.32844581821112,0.897294686253294,7253.23653705428,Nominal
1,0,0,0,1,0,1,144.760418124113,10.591972041409,7260,6.32844581821112,0.897294686253294,7253.41541545425,Nominal
1,0,0,0,1,0,1,144.760418124113,10.591972041409,7260,6.32844581821112,0.897294686253294,7253.59501830249,Nominal
1,0,0,0,1,0,1,144.760418124113,10.591972041409,7260,6.32844581821112,0.897294686253294,7253.77532533472,Nominal
1,0,0,0,1,0,1,144.760418124113,10.591972041409,7260,6.32844581821112,0.897294686253294,7253.95631546481,Nominal
1,0,0,0,1,0,1,144.760418124113,10.591972041409,7260,6.32844581821112,0.897294686253294,7254.13796672866,Nominal
1,0,0,0,1,0,1,144.760418124113,10.591972041409,7260,6.32844581821112,0.897294686253294,7254.32025623136,Nominal
1,0,0,0,1,0,1,144.760418124113,10.591972041409,7260,6.32844581821112,0.897294686253294,7254.50316014493,Nominal
1,0,0,0,1,0,1,144.760418124113,10.591972041409,7260,6.32844581821112,0.897294686253294,7254.68665381586,Nominal
1,0,0,0,1,0,1,144.760418124113,10.591972041409,7260,6.32844581821112,0.897294686253294,7254.87071187541,Nominal
1,0,0,0,1,0,1,144.760418124113,10.591972041409,7260,6.32844581821112,0.897294686253294,7255.0553083782,Nominal
1,0,0,0,1,0,1,144.760418124113,10.591972041409,7260,6.32844581821112,0.897294686253294,7255.24041685354,Nominal
1,0,0,0,1,0,1,144.760418124113,10.591972041409,7260,6.32844581821112,0.897294686253294,7255.42601038031,Nominal
1,0,0,0,1,0,1,144.760418124113,10.591972041409,7260,6.32844581821112,0.897294686253294,7255.61206165069,Nominal
1,0,0,0,1,0,1,144.760418124113,10.591972041409,7260,6.32844581821112,0.897294686253294,7255.79854297371,Nominal
1,0,0,0,1,0,1,144.760418124113,10.591972041409,7260,6.32844581821112,0.897294686253294,7255.98542640551,Nominal
1,0,0,0,1,0,1,144.760418124113,10.591972041409,7260,6.32844581821112,0.897294686253294,7256.17268377646,Nominal
1,0,0,0,1,0,1,144.760418124113,10.591972041409,7260,6.32844581821112,0.897294686253294,7256.36028676946,Nominal
1,0,0,0,1,0,1,144.760418124113,10.591972041409,7260,6.32844581821112,0.897294686253294,7256.54820697786,Nominal
1,0,0,0,1,0,1,144.760418124113,10.591972041409,7260,6.32844581821112,0.897294686253294,7256.73641596279,Nominal
1,0,0,0,1,0,1,144.760418124113,10.591972041409,7260,6.32844581821112,0.897294686253294,7256.9248853031,Nominal
1,0,0,0,1,0,1,144.760418124113,10.591972041409,7260,6.32844581821112,0.897294686253294,7257.11358664261,Nominal
1,0,0,0,1,0,1,144.760418124113,10.591972041409,7260,6.32844581821112,0.897294686253294,7257.30249173463,Nominal
1,0,0,0,1,0,1,144.760418124113,10.591972041409,7260,6.32844581821112,0.897294686253294,7257.49157248426,Nominal
1,0,0,0,1,0,1,144.760418124113,10.591972041409,7260,6.32844581821112,0.897294686253294,7257.68080098769,Nominal
1,0,0,0,1,0,1,144.760418124113,10.591972041409,7260,6.32844581821112,0.897294686253294,7257.87014956837,Nominal
1,0,0,0,1,0,1,144.760418124113,10.591972041409,7260,6.32844581821112,0.897294686253294,7258.05959080954,Nominal
1,0,0,0,1,0,1,144.760418124113,10.591972041409,7260,6.32844581821112,0.897294686253294,7258.24909758905,Nominal
1,0,0,0,1,0,1,144.760418124113,10.591972041409,7260,6.32844581821112,0.897294686253294,7258.43864307943,Nominal
1,0,0,0,1,0,1,144.760418124113,10.591972041409,7260,6.32844581821112,0.897294686253294,7258.62820082849,Nominal
1,0,0,0,1,0,1,144.760418124113,10.591972041409,7260,6.32844581821112,0.897294686253294,7258.81774471295,Nominal
1,0,0,0,1,0,1,144.760418124113,10.591972041409,7260,6.32844581821112,0.897294686253294,7259.00724900396,Nominal
1,0,0,0,1,0,1,144.760418124113,10.591972041409,7260,6.32844581821112,0.897294686253294,7259.196688323,Nominal
1,0,0,0,1,0,1,144.760418124113,10.591972041409,7260,6.32844581821112,0.897294686253294,7259.38603774211,Nominal
1,0,0,0,1,0,1,144.760418124113,10.591972041409,7260,6.32844581821112,0.897294686253294,7259.57527274426,Nominal
1,0,0,0,1,0,1,144.760418124113,10.591972041409,7260,6.32844581821112,0.897294686253294,7259.76436924217,Nominal
1,0,0,0,1,0,1,144.760418124113,10.591972041409,7260,6.32844581821112,0.897294686253294,7259.95330357719,Nominal
1,0,0,0,1,0,1,144.760418124113,10.591972041409,7260,6.32844581821112,0.897294686253294,7260.14205252733,Nominal
1,0,0,0,1,0,1,144.760418124113,10.591972041409,7260,6.32844581821112,0.897294686253294,7260.33059331168,Nominal
1,0,0,0,1,0,1,144.760418124113,10.591972041409,7260,6.32844581821112,0.897294686253294,7260.51890359497,Nominal
1,0,0,0,1,0,1,144.760418124113,10.591972041409,7260,6.32844581821112,0.897294686253294,7260.70696148946,Nominal
1,0,0,0,1,0,1,144.760418124113,10.591972041409,7260,6.32844581821112,0.897294686253294,7260.89474555507,Nominal
1,0,0,0,1,0,1,144.760418124113,10.591972041409,7260,6.32844581821112,0.897294686253294,7261.08223479775,Nominal
1,0,0,0,1,0,1,144.760418124113,10.591972041409,7260,6.32844581821112,0.897294686253294,7261.26940866707,Nominal
1,0,0,0,1,0,1,144.760418124113,10.591972041409,7260,6.32844581821112,0.897294686253294,7261.4562470531,Nominal
1,0,0,0,1,0,1,144.760418124113,10.591972041409,7260,6.32844581821112,0.897294686253294,7261.64273028299,Nominal
1,0,0,0,1,0,1,144.760418124113,10.591972041409,7260,6.32844581821112,0.897294686253294,7261.82883911699,Nominal
1,0,0,0,1,0,1,144.760418124113,10.591972041409,7260,6.32844581821112,0.897294686253294,7262.01455474393,Nominal
1,0,0,0,1,0,1,144.760418124113,10.591972041409,7260,6.32844581821112,0.897294686253294,7262.19985877625,Nominal
1,0,0,0,1,0,1,144.760418124113,10.591972041409,7260,6.32844581821112,0.897294686253294,7262.38473324447,Nominal
1,0,0,0,1,0,1,144.760418124113,10.591972041409,7260,6.32844581821112,0.897294686253294,7262.56916059139,Nominal
1,0,0,0,1,0,1,144.760418124113,10.591972041409,7260,6.32844581821112,0.897294686253294,7262.75312366598,Nominal
1,0,0,0,1,0,1,144.760418124113,10.591972041409,7260,6.32844581821112,0.897294686253294,7262.93660571718,Nominal
1,0,0,0,1,0,1,144.760418124113,10.591972041409,7260,6.32844581821112,0.897294686253294,7263.11959038756,Nominal
1,0,0,0,1,0,1,144.760418124113,10.591972041409,7260,6.32844581821112,0.897294686253294,7263.30206170687,Nominal
1,0,0,0,1,0,1,144.760418124113,10.591972041409,7260,6.32844581821112,0.897294686253294,7263.48400408563,Nominal
1,0,0,0,1,0,1,144.760418124113,10.591972041409,7260,6.32844581821112,0.897294686253294,7263.66540230865,Nominal
1,0,0,0,1,0,1,144.760418124113,10.591972041409,7260,6.32844581821112,0.897294686253294,7263.84624152852,Nominal
1,0,0,0,1,0,1,144.760418124113,10.591972041409,7260,6.32844581821112,0.897294686253294,7264.02650725925,Nominal
1,0,0,0,1,0,1,144.760418124113,10.591972041409,7260,6.32844581821112,0.897294686253294,7264.20618536991,Nominal
