Label,Type,TrainDelta,TestDelta,AP_Eng,HDG_Mode,ALT_Mode,HDG_Ref,TurnK,ALT_Ref,Pwheel,Throttle,alt
1,0,0,0,0,0,1,-84.2471184127998,30.0257819155388,7260,25.5476772192787,0.929679794613544,7224.4094488189
1,0,0,0,0,0,1,-84.2471184127998,30.0257819155388,7260,25.5476772192787,0.929679794613544,7224.40916652873
1,0,0,0,0,0,1,-84.2471184127998,30.0257819155388,7260,25.5476772192787,0.929679794613544,7224.40825167216
1,0,0,0,0,0,1,-84.2471184127998,30.0257819155388,7260,25.5476772192787,0.929679794613544,7224.40670391414
1,0,0,0,0,0,1,-84.2471184127998,30.0257819155388,7260,25.5476772192787,0.929679794613544,7224.40451131257
1,0,0,0,0,0,1,-84.2471184127998,30.0257819155388,7260,25.5476772192787,0.929679794613544,7224.40165198824
1,0,0,0,0,0,1,-84.2471184127998,30.0257819155388,7260,25.5476772192787,0.929679794613544,7224.39809433373
1,0,0,0,0,0,1,-84.2471184127998,30.0257819155388,7260,25.5476772192787,0.929679794613544,7224.39379921302
1,0,0,0,0,0,1,-84.2471184127998,30.0257819155388,7260,25.5476772192787,0.929679794613544,7224.38872066739
1,0,0,0,0,0,1,-84.2471184127998,30.0257819155388,7260,25.5476772192787,0.929679794613544,7224.38280693569
1,0,0,0,0,0,1,-84.2471184127998,30.0257819155388,7260,25.5476772192787,0.929679794613544,7224.37600140935
1,0,0,0,0,0,1,-84.2471184127998,30.0257819155388,7260,25.5476772192787,0.929679794613544,7224.36824352266
1,0,0,0,0,0,1,-84.2471184127998,30.0257819155388,7260,25.5476772192787,0.929679794613544,7224.35946957975
1,0,0,0,0,0,1,-84.2471184127998,30.0257819155388,7260,25.5476772192787,0.929679794613544,7224.34961351949
1,0,0,0,0,0,1,-84.2471184127998,30.0257819155388,7260,25.5476772192787,0.929679794613544,7224.33860762011
1,0,0,0,0,0,1,-84.2471184127998,30.0257819155388,7260,25.5476772192787,0.929679794613544,7224.32638314522
1,0,0,0,0,0,1,-84.2471184127998,30.0257819155388,7260,25.5476772192787,0.929679794613544,7224.31287093324
1,0,0,0,0,0,1,-84.2471184127998,30.0257819155388,7260,25.5476772192787,0.929679794613544,7224.29800193244
1,0,0,0,0,0,1,-84.2471184127998,30.0257819155388,7260,25.5476772192787,0.929679794613544,7224.28170768375
1,0,0,0,0,0,1,-84.2471184127998,30.0257819155388,7260,25.5476772192787,0.929679794613544,7224.26392075361
1,0,0,0,0,0,1,-84.2471184127998,30.0257819155388,7260,25.5476772192787,0.929679794613544,7224.2445751194
1,0,0,0,0,0,1,-84.2471184127998,30.0257819155388,7260,25.5476772192787,0.929679794613544,7224.22360650968
1,0,0,0,0,0,1,-84.2471184127998,30.0257819155388,7260,25.5476772192787,0.929679794613544,7224.20095270186
1,0,0,0,0,0,1,-84.2471184127998,30.0257819155388,7260,25.5476772192787,0.929679794613544,7224.17655377964
1,0,0,0,0,0,1,-84.2471184127998,30.0257819155388,7260,25.5476772192787,0.929679794613544,7224.15035235275
1,0,0,0,0,0,1,-84.2471184127998,30.0257819155388,7260,25.5476772192787,0.929679794613544,7224.12229374139
1,0,0,0,0,0,1,-84.2471184127998,30.0257819155388,7260,25.5476772192787,0.929679794613544,7224.09232612775
1,0,0,0,0,0,1,-84.2471184127998,30.0257819155388,7260,25.5476772192787,0.929679794613544,7224.06040067693
1,0,0,0,0,0,1,-84.2471184127998,30.0257819155388,7260,25.5476772192787,0.929679794613544,7224.02647162967
1,0,0,0,0,0,1,-84.2471184127998,30.0257819155388,7260,25.5476772192787,0.929679794613544,7223.99049636893
1,0,0,0,0,0,1,-84.2471184127998,30.0257819155388,7260,25.5476772192787,0.929679794613544,7223.95243546261
1,0,0,0,0,0,1,-84.2471184127998,30.0257819155388,7260,25.5476772192787,0.929679794613544,7223.91225268447
1,0,0,0,0,0,1,-84.2471184127998,30.0257819155388,7260,25.5476772192787,0.929679794613544,7223.86991501512
1,0,0,0,0,0,1,-84.2471184127998,30.0257819155388,7260,25.5476772192787,0.929679794613544,7223.82539262512
1,0,0,0,0,0,1,-84.2471184127998,30.0257819155388,7260,25.5476772192787,0.929679794613544,7223.77865884197
1,0,0,0,0,0,1,-84.2471184127998,30.0257819155388,7260,25.5476772192787,0.929679794613544,7223.72969010266
1,0,0,0,0,0,1,-84.2471184127998,30.0257819155388,7260,25.5476772192787,0.929679794613544,7223.67846589341
1,0,0,0,0,0,1,-84.2471184127998,30.0257819155388,7260,25.5476772192787,0.929679794613544,7223.62496867827
1,0,0,0,0,0,1,-84.2471184127998,30.0257819155388,7260,25.5476772192787,0.929679794613544,7223.56918381784
1,0,0,0,0,0,1,-84.2471184127998,30.0257819155388,7260,25.5476772192787,0.929679794613544,7223.51109947957
1,0,0,0,0,0,1,-84.2471184127998,30.0257819155388,7260,25.5476772192787,0.929679794613544,7223.45070654097
1,0,0,0,0,0,1,-84.2471184127998,30.0257819155388,7260,25.5476772192787,0.929679794613544,7223.38799848673
1,0,0,0,0,0,1,-84.2471184127998,30.0257819155388,7260,25.5476772192787,0.929679794613544,7223.32297130104
1,0,0,0,0,0,1,-84.2471184127998,30.0257819155388,7260,25.5476772192787,0.929679794613544,7223.25562335602
1,0,0,0,0,0,1,-84.2471184127998,30.0257819155388,7260,25.5476772192787,0.929679794613544,7223.18595529714
1,0,0,0,0,0,1,-84.2471184127998,30.0257819155388,7260,25.5476772192787,0.929679794613544,7223.11396992671
1,0,0,0,0,0,1,-84.2471184127998,30.0257819155388,7260,25.5476772192787,0.929679794613544,7223.03967208593
1,0,0,0,0,0,1,-84.2471184127998,30.0257819155388,7260,25.5476772192787,0.929679794613544,7222.96306853645
1,0,0,0,0,0,1,-84.2471184127998,30.0257819155388,7260,25.5476772192787,0.929679794613544,7222.88416784199
1,0,0,0,0,0,1,-84.2471184127998,30.0257819155388,7260,25.5476772192787,0.929679794613544,7222.80298025059
1,0,0,0,0,0,1,-84.2471184127998,30.0257819155388,7260,25.5476772192787,0.929679794613544,7222.71951757807
1,0,0,0,0,0,1,-84.2471184127998,30.0257819155388,7260,25.5476772192787,0.929679794613544,7222.63379309312
1,0,0,0,0,0,1,-84.2471184127998,30.0257819155388,7260,25.5476772192787,0.929679794613544,7222.54582140442
1,0,0,0,0,0,1,-84.2471184127998,30.0257819155388,7260,25.5476772192787,0.929679794613544,7222.45561835031
1,0,0,0,0,0,1,-84.2471184127998,30.0257819155388,7260,25.5476772192787,0.929679794613544,7222.36320089098
1,0,0,0,0,0,1,-84.2471184127998,30.0257819155388,7260,25.5476772192787,0.929679794613544,7222.26858700392
1,0,0,0,0,0,1,-84.2471184127998,30.0257819155388,7260,25.5476772192787,0.929679794613544,7222.17179558243
1,0,0,0,0,0,1,-84.2471184127998,30.0257819155388,7260,25.5476772192787,0.929679794613544,7222.07284633761
1,0,0,0,0,0,1,-84.2471184127998,30.0257819155388,7260,25.5476772192787,0.929679794613544,7221.971759704
1,0,0,0,0,0,1,-84.2471184127998,30.0257819155388,7260,25.5476772192787,0.929679794613544,7221.86855674888
1,0,0,0,0,0,1,-84.2471184127998,30.0257819155388,7260,25.5476772192787,0.929679794613544,7221.76325908534
1,0,0,0,0,0,1,-84.2471184127998,30.0257819155388,7260,25.5476772192787,0.929679794613544,7221.65588878934
1,0,0,0,0,0,1,-84.2471184127998,30.0257819155388,7260,25.5476772192787,0.929679794613544,7221.54646832059
1,0,0,0,0,0,1,-84.2471184127998,30.0257819155388,7260,25.5476772192787,0.929679794613544,7221.43502044739
1,0,0,0,0,0,1,-84.2471184127998,30.0257819155388,7260,25.5476772192787,0.929679794613544,7221.32156817541
1,0,0,0,0,0,1,-84.2471184127998,30.0257819155388,7260,25.5476772192787,0.929679794613544,7221.20613468042
1,0,0,0,0,0,1,-84.2471184127998,30.0257819155388,7260,25.5476772192787,0.929679794613544,7221.08874324482
1,0,0,0,0,0,1,-84.2471184127998,30.0257819155388,7260,25.5476772192787,0.929679794613544,7220.96941719806
1,0,0,0,0,0,1,-84.2471184127998,30.0257819155388,7260,25.5476772192787,0.929679794613544,7220.84817986077
1,0,0,0,0,0,1,-84.2471184127998,30.0257819155388,7260,25.5476772192787,0.929679794613544,7220.72505449267
1,0,0,0,0,0,1,-84.2471184127998,30.0257819155388,7260,25.5476772192787,0.929679794613544,7220.60006424393
1,0,0,0,0,0,1,-84.2471184127998,30.0257819155388,7260,25.5476772192787,0.929679794613544,7220.47323211018
1,0,0,0,0,0,1,-84.2471184127998,30.0257819155388,7260,25.5476772192787,0.929679794613544,7220.34458089083
1,0,0,0,0,0,1,-84.2471184127998,30.0257819155388,7260,25.5476772192787,0.929679794613544,7220.21413315075
1,0,0,0,0,0,1,-84.2471184127998,30.0257819155388,7260,25.5476772192787,0.929679794613544,7220.08191118504
1,0,0,0,0,0,1,-84.2471184127998,30.0257819155388,7260,25.5476772192787,0.929679794613544,7219.94793698703
1,0,0,0,0,0,1,-84.2471184127998,30.0257819155388,7260,25.5476772192787,0.929679794613544,7219.81223221904
1,0,0,0,0,0,1,-84.2471184127998,30.0257819155388,7260,25.5476772192787,0.929679794613544,7219.67481818612
1,0,0,0,0,0,1,-84.2471184127998,30.0257819155388,7260,25.5476772192787,0.929679794613544,7219.53571581243
1,0,0,0,0,0,1,-84.2471184127998,30.0257819155388,7260,25.5476772192787,0.929679794613544,7219.39494562021
1,0,0,0,0,0,1,-84.2471184127998,30.0257819155388,7260,25.5476772192787,0.929679794613544,7219.25252771125
1,0,0,0,0,0,1,-84.2471184127998,30.0257819155388,7260,25.5476772192787,0.929679794613544,7219.10848175065
1,0,0,0,0,0,1,-84.2471184127998,30.0257819155388,7260,25.5476772192787,0.929679794613544,7218.96282695287
1,0,0,0,0,0,1,-84.2471184127998,30.0257819155388,7260,25.5476772192787,0.929679794613544,7218.81558206984
1,0,0,0,0,0,1,-84.2471184127998,30.0257819155388,7260,25.5476772192787,0.929679794613544,7218.66676538108
1,0,0,0,0,0,1,-84.2471184127998,30.0257819155388,7260,25.5476772192787,0.929679794613544,7218.51639468569
1,0,0,0,0,0,1,-84.2471184127998,30.0257819155388,7260,25.5476772192787,0.929679794613544,7218.36448729617
1,0,0,0,0,0,1,-84.2471184127998,30.0257819155388,7260,25.5476772192787,0.929679794613544,7218.2110600338
1,0,0,0,0,0,1,-84.2471184127998,30.0257819155388,7260,25.5476772192787,0.929679794613544,7218.05612922566
1,0,0,0,0,0,1,-84.2471184127998,30.0257819155388,7260,25.5476772192787,0.929679794613544,7217.89971070308
1,0,0,0,0,0,1,-84.2471184127998,30.0257819155388,7260,25.5476772192787,0.929679794613544,7217.74181980148
1,0,0,0,0,0,1,-84.2471184127998,30.0257819155388,7260,25.5476772192787,0.929679794613544,7217.58247136147
1,0,0,0,0,0,1,-84.2471184127998,30.0257819155388,7260,25.5476772192787,0.929679794613544,7217.42167973108
1,0,0,0,0,0,1,-84.2471184127998,30.0257819155388,7260,25.5476772192787,0.929679794613544,7217.2594587692
1,0,0,0,0,0,1,-84.2471184127998,30.0257819155388,7260,25.5476772192787,0.929679794613544,7217.09582184991
1,0,0,0,0,0,1,-84.2471184127998,30.0257819155388,7260,25.5476772192787,0.929679794613544,7216.93078186787
1,0,0,0,0,0,1,-84.2471184127998,30.0257819155388,7260,25.5476772192787,0.929679794613544,7216.76435124446
1,0,0,0,0,0,1,-84.2471184127998,30.0257819155388,7260,25.5476772192787,0.929679794613544,7216.59654193484
1,0,0,0,0,0,1,-84.2471184127998,30.0257819155388,7260,25.5476772192787,0.929679794613544,7216.42736543559
1,0,0,0,0,0,1,-84.2471184127998,30.0257819155388,7260,25.5476772192787,0.929679794613544,7216.25683279317
1,0,0,0,0,0,1,-84.2471184127998,30.0257819155388,7260,25.5476772192787,0.929679794613544,7216.08495461284
1,0,0,0,0,0,1,-84.2471184127998,30.0257819155388,7260,25.5476772192787,0.929679794613544,7215.91174106829
1,0,0,0,0,0,1,-84.2471184127998,30.0257819155388,7260,25.5476772192787,0.929679794613544,7215.73720191159
1,0,0,0,0,0,1,-84.2471184127998,30.0257819155388,7260,25.5476772192787,0.929679794613544,7215.56134648373
1,0,0,0,0,0,1,-84.2471184127998,30.0257819155388,7260,25.5476772192787,0.929679794613544,7215.38418372549
1,0,0,0,0,0,1,-84.2471184127998,30.0257819155388,7260,25.5476772192787,0.929679794613544,7215.20572218868
1,0,0,0,0,0,1,-84.2471184127998,30.0257819155388,7260,25.5476772192787,0.929679794613544,7215.0259700477
1,0,0,0,0,0,1,-84.2471184127998,30.0257819155388,7260,25.5476772192787,0.929679794613544,7214.84493511138
1,0,0,0,0,0,1,-84.2471184127998,30.0257819155388,7260,25.5476772192787,0.929679794613544,7214.66262483502
1,0,0,0,0,0,1,-84.2471184127998,30.0257819155388,7260,25.5476772192787,0.929679794613544,7214.47904633271
1,0,0,0,0,0,1,-84.2471184127998,30.0257819155388,7260,25.5476772192787,0.929679794613544,7214.29420638974
1,0,0,0,0,0,1,-84.2471184127998,30.0257819155388,7260,25.5476772192787,0.929679794613544,7214.10811147524
1,0,0,0,0,0,1,-84.2471184127998,30.0257819155388,7260,25.5476772192787,0.929679794613544,7213.92076775484
1,0,0,0,0,0,1,-84.2471184127998,30.0257819155388,7260,25.5476772192787,0.929679794613544,7213.73218110353
1,0,0,0,0,0,1,-84.2471184127998,30.0257819155388,7260,25.5476772192787,0.929679794613544,7213.54235711845
1,0,0,0,0,0,1,-84.2471184127998,30.0257819155388,7260,25.5476772192787,0.929679794613544,7213.35130113188
1,0,0,0,0,0,1,-84.2471184127998,30.0257819155388,7260,25.5476772192787,0.929679794613544,7213.15901822414
1,0,0,0,0,0,1,-84.2471184127998,30.0257819155388,7260,25.5476772192787,0.929679794613544,7212.96551323652
1,0,0,0,0,0,1,-84.2471184127998,30.0257819155388,7260,25.5476772192787,0.929679794613544,7212.77079078419
1,0,0,0,0,0,1,-84.2471184127998,30.0257819155388,7260,25.5476772192787,0.929679794613544,7212.57485526912
1,0,0,0,0,0,1,-84.2471184127998,30.0257819155388,7260,25.5476772192787,0.929679794613544,7212.37771089291
1,0,0,0,0,0,1,-84.2471184127998,30.0257819155388,7260,25.5476772192787,0.929679794613544,7212.17936166953
1,0,0,0,0,0,1,-84.2471184127998,30.0257819155388,7260,25.5476772192787,0.929679794613544,7211.97981143805
1,0,0,0,0,0,1,-84.2471184127998,30.0257819155388,7260,25.5476772192787,0.929679794613544,7211.77906387524
1,0,0,0,0,0,1,-84.2471184127998,30.0257819155388,7260,25.5476772192787,0.929679794613544,7211.57712250805
1,0,0,0,0,0,1,-84.2471184127998,30.0257819155388,7260,25.5476772192787,0.929679794613544,7211.37399072599
1,0,0,0,0,0,1,-84.2471184127998,30.0257819155388,7260,25.5476772192787,0.929679794613544,7211.16967179341
1,0,0,0,0,0,1,-84.2471184127998,30.0257819155388,7260,25.5476772192787,0.929679794613544,7210.96416886161
1,0,0,0,0,0,1,-84.2471184127998,30.0257819155388,7260,25.5476772192787,0.929679794613544,7210.75748498078
1,0,0,0,0,0,1,-84.2471184127998,30.0257819155388,7260,25.5476772192787,0.929679794613544,7210.54962311185
1,0,0,0,0,0,1,-84.2471184127998,30.0257819155388,7260,25.5476772192787,0.929679794613544,7210.34058613812
1,0,0,0,0,0,1,-84.2471184127998,30.0257819155388,7260,25.5476772192787,0.929679794613544,7210.13037687674
1,0,0,0,0,0,1,-84.2471184127998,30.0257819155388,7260,25.5476772192787,0.929679794613544,7209.91899808999
1,0,0,0,0,0,1,-84.2471184127998,30.0257819155388,7260,25.5476772192787,0.929679794613544,7209.70645249639
1,0,0,0,0,0,1,-84.2471184127998,30.0257819155388,7260,25.5476772192787,0.929679794613544,7209.49274278164
1,0,0,0,0,0,1,-84.2471184127998,30.0257819155388,7260,25.5476772192787,0.929679794613544,7209.27787160928
1,0,0,0,0,0,1,-84.2471184127998,30.0257819155388,7260,25.5476772192787,0.929679794613544,7209.0618416312
1,0,0,0,0,0,1,-84.2471184127998,30.0257819155388,7260,25.5476772192787,0.929679794613544,7208.84465549796
1,0,0,0,0,0,1,-84.2471184127998,30.0257819155388,7260,25.5476772192787,0.929679794613544,7208.6263158688
1,0,0,0,0,0,1,-84.2471184127998,30.0257819155388,7260,25.5476772192787,0.929679794613544,7208.40682542154
1,0,0,0,0,0,1,-84.2471184127998,30.0257819155388,7260,25.5476772192787,0.929679794613544,7208.18618686215
1,0,0,0,0,0,1,-84.2471184127998,30.0257819155388,7260,25.5476772192787,0.929679794613544,7207.96440293413
1,0,0,0,0,0,1,-84.2471184127998,30.0257819155388,7260,25.5476772192787,0.929679794613544,7207.74147642768
1,0,0,0,0,0,1,-84.2471184127998,30.0257819155388,7260,25.5476772192787,0.929679794613544,7207.51741018857
1,0,0,0,0,0,1,-84.2471184127998,30.0257819155388,7260,25.5476772192787,0.929679794613544,7207.29220712683
1,0,0,0,0,0,1,-84.2471184127998,30.0257819155388,7260,25.5476772192787,0.929679794613544,7207.06587022511
1,0,0,0,0,0,1,-84.2471184127998,30.0257819155388,7260,25.5476772192787,0.929679794613544,7206.83840254686
1,0,0,0,0,0,1,-84.2471184127998,30.0257819155388,7260,25.5476772192787,0.929679794613544,7206.60980724425
1,0,0,0,0,0,1,-84.2471184127998,30.0257819155388,7260,25.5476772192787,0.929679794613544,7206.38008756578
1,0,0,0,0,0,1,-84.2471184127998,30.0257819155388,7260,25.5476772192787,0.929679794613544,7206.14924686369
1,0,0,0,0,0,1,-84.2471184127998,30.0257819155388,7260,25.5476772192787,0.929679794613544,7205.91728860109
1,0,0,0,0,0,1,-84.2471184127998,30.0257819155388,7260,25.5476772192787,0.929679794613544,7205.6842163588
1,0,0,0,0,0,1,-84.2471184127998,30.0257819155388,7260,25.5476772192787,0.929679794613544,7205.45003384201
1,0,0,0,0,0,1,-84.2471184127998,30.0257819155388,7260,25.5476772192787,0.929679794613544,7205.21474488655
1,0,0,0,0,0,1,-84.2471184127998,30.0257819155388,7260,25.5476772192787,0.929679794613544,7204.97835346505
1,0,0,0,0,0,1,-84.2471184127998,30.0257819155388,7260,25.5476772192787,0.929679794613544,7204.74086369267
1,0,0,0,0,0,1,-84.2471184127998,30.0257819155388,7260,25.5476772192787,0.929679794613544,7204.50227983272
1,0,0,0,0,0,1,-84.2471184127998,30.0257819155388,7260,25.5476772192787,0.929679794613544,7204.26260630193
1,0,0,0,0,0,1,-84.2471184127998,30.0257819155388,7260,25.5476772192787,0.929679794613544,7204.02184767546
1,0,0,0,0,0,1,-84.2471184127998,30.0257819155388,7260,25.5476772192787,0.929679794613544,7203.78000869166
1,0,0,0,0,0,1,-84.2471184127998,30.0257819155388,7260,25.5476772192787,0.929679794613544,7203.53709425662
1,0,0,0,0,0,1,-84.2471184127998,30.0257819155388,7260,25.5476772192787,0.929679794613544,7203.29310944838
1,0,0,0,0,0,1,-84.2471184127998,30.0257819155388,7260,25.5476772192787,0.929679794613544,7203.0480595209
1,0,0,0,0,0,1,-84.2471184127998,30.0257819155388,7260,25.5476772192787,0.929679794613544,7202.80194990785
1,0,0,0,0,0,1,-84.2471184127998,30.0257819155388,7260,25.5476772192787,0.929679794613544,7202.55478622604
1,0,0,0,0,0,1,-84.2471184127998,30.0257819155388,7260,25.5476772192787,0.929679794613544,7202.30657427868
1,0,0,0,0,0,1,-84.2471184127998,30.0257819155388,7260,25.5476772192787,0.929679794613544,7202.05732005835
1,0,0,0,0,0,1,-84.2471184127998,30.0257819155388,7260,25.5476772192787,0.929679794613544,7201.80702974976
1,0,0,0,0,0,1,-84.2471184127998,30.0257819155388,7260,25.5476772192787,0.929679794613544,7201.55570973221
1,0,0,0,0,0,1,-84.2471184127998,30.0257819155388,7260,25.5476772192787,0.929679794613544,7201.30336658188
1,0,0,0,0,0,1,-84.2471184127998,30.0257819155388,7260,25.5476772192787,0.929679794613544,7201.05000707386
1,0,0,0,0,0,1,-84.2471184127998,30.0257819155388,7260,25.5476772192787,0.929679794613544,7200.79563818393
1,0,0,0,0,0,1,-84.2471184127998,30.0257819155388,7260,25.5476772192787,0.929679794613544,7200.54026709014
1,0,0,0,0,0,1,-84.2471184127998,30.0257819155388,7260,25.5476772192787,0.929679794613544,7200.28390117415
1,0,0,0,0,0,1,-84.2471184127998,30.0257819155388,7260,25.5476772192787,0.929679794613544,7200.02654802238
1,0,0,0,0,0,1,-84.2471184127998,30.0257819155388,7260,25.5476772192787,0.929679794613544,7199.76821542691
1,0,0,0,0,0,1,-84.2471184127998,30.0257819155388,7260,25.5476772192787,0.929679794613544,7199.50891138621
1,0,0,0,0,0,1,-84.2471184127998,30.0257819155388,7260,25.5476772192787,0.929679794613544,7199.24864410564
1,0,0,0,0,0,1,-84.2471184127998,30.0257819155388,7260,25.5476772192787,0.929679794613544,7198.98742199775
1,0,0,0,0,0,1,-84.2471184127998,30.0257819155388,7260,25.5476772192787,0.929679794613544,7198.72525368243
1,0,0,0,0,0,1,-84.2471184127998,30.0257819155388,7260,25.5476772192787,0.929679794613544,7198.4621479868
1,0,0,0,0,0,1,-84.2471184127998,30.0257819155388,7260,25.5476772192787,0.929679794613544,7198.198113945
1,0,0,0,0,0,1,-84.2471184127998,30.0257819155388,7260,25.5476772192787,0.929679794613544,7197.93316079774
1,0,0,0,0,0,1,-84.2471184127998,30.0257819155388,7260,25.5476772192787,0.929679794613544,7197.6672979917
1,0,0,0,0,0,1,-84.2471184127998,30.0257819155388,7260,25.5476772192787,0.929679794613544,7197.40053517876
1,0,0,0,0,0,1,-84.2471184127998,30.0257819155388,7260,25.5476772192787,0.929679794613544,7197.13288221513
1,0,0,0,0,0,1,-84.2471184127998,30.0257819155388,7260,25.5476772192787,0.929679794613544,7196.86434916019
1,0,0,0,0,0,1,-84.2471184127998,30.0257819155388,7260,25.5476772192787,0.929679794613544,7196.59494627532
1,0,0,0,0,0,1,-84.2471184127998,30.0257819155388,7260,25.5476772192787,0.929679794613544,7196.32468402253
1,0,0,0,0,0,1,-84.2471184127998,30.0257819155388,7260,25.5476772192787,0.929679794613544,7196.05357306292
1,0,0,0,0,0,1,-84.2471184127998,30.0257819155388,7260,25.5476772192787,0.929679794613544,7195.7816242551
1,0,0,0,0,0,1,-84.2471184127998,30.0257819155388,7260,25.5476772192787,0.929679794613544,7195.50884865336
1,0,0,0,0,0,1,-84.2471184127998,30.0257819155388,7260,25.5476772192787,0.929679794613544,7195.23525750585
1,0,0,0,0,0,1,-84.2471184127998,30.0257819155388,7260,25.5476772192787,0.929679794613544,7194.96086225256
1,0,0,0,0,0,1,-84.2471184127998,30.0257819155388,7260,25.5476772192787,0.929679794613544,7194.68567452321
1,0,0,0,0,0,1,-84.2471184127998,30.0257819155388,7260,25.5476772192787,0.929679794613544,7194.40970613506
1,0,0,0,0,0,1,-84.2471184127998,30.0257819155388,7260,25.5476772192787,0.929679794613544,7194.1329690906
1,0,0,0,0,0,1,-84.2471184127998,30.0257819155388,7260,25.5476772192787,0.929679794613544,7193.85547557516
1,0,0,0,0,0,1,-84.2471184127998,30.0257819155388,7260,25.5476772192787,0.929679794613544,7193.57723795443
1,0,0,0,0,0,1,-84.2471184127998,30.0257819155388,7260,25.5476772192787,0.929679794613544,7193.2982687719
1,0,0,0,0,0,1,-84.2471184127998,30.0257819155388,7260,25.5476772192787,0.929679794613544,7193.01858074624
1,0,0,0,0,0,1,-84.2471184127998,30.0257819155388,7260,25.5476772192787,0.929679794613544,7192.73818676855
1,0,0,0,0,0,1,-84.2471184127998,30.0257819155388,7260,25.5476772192787,0.929679794613544,7192.45709989965
1,0,0,0,0,0,1,-84.2471184127998,30.0257819155388,7260,25.5476772192787,0.929679794613544,7192.17533336722
1,0,0,0,0,0,1,-84.2471184127998,30.0257819155388,7260,25.5476772192787,0.929679794613544,7191.8929005629
1,0,0,0,0,0,1,-84.2471184127998,30.0257819155388,7260,25.5476772192787,0.929679794613544,7191.6098150394
1,0,0,0,0,0,1,-84.2471184127998,30.0257819155388,7260,25.5476772192787,0.929679794613544,7191.32609050746
1,0,0,0,0,0,1,-84.2471184127998,30.0257819155388,7260,25.5476772192787,0.929679794613544,7191.0417408329
1,0,0,0,0,0,1,-84.2471184127998,30.0257819155388,7260,25.5476772192787,0.929679794613544,7190.75678003351
1,0,0,0,0,0,1,-84.2471184127998,30.0257819155388,7260,25.5476772192787,0.929679794613544,7190.47122227596
1,0,0,0,0,0,1,-84.2471184127998,30.0257819155388,7260,25.5476772192787,0.929679794613544,7190.18508187273
1,0,0,0,0,0,1,-84.2471184127998,30.0257819155388,7260,25.5476772192787,0.929679794613544,7189.89837327891
1,0,0,0,0,0,1,-84.2471184127998,30.0257819155388,7260,25.5476772192787,0.929679794613544,7189.6111110891
1,0,0,0,0,0,1,-84.2471184127998,30.0257819155388,7260,25.5476772192787,0.929679794613544,7189.32331003417
1,0,0,0,0,0,1,-84.2471184127998,30.0257819155388,7260,25.5476772192787,0.929679794613544,7189.03498497813
1,0,0,0,0,0,1,-84.2471184127998,30.0257819155388,7260,25.5476772192787,0.929679794613544,7188.74615091488
1,0,0,0,0,0,1,-84.2471184127998,30.0257819155388,7260,25.5476772192787,0.929679794613544,7188.45682296504
1,0,0,0,0,0,1,-84.2471184127998,30.0257819155388,7260,25.5476772192787,0.929679794613544,7188.16701637275
1,0,0,0,0,0,1,-84.2471184127998,30.0257819155388,7260,25.5476772192787,0.929679794613544,7187.87674650244
1,0,0,0,0,0,1,-84.2471184127998,30.0257819155388,7260,25.5476772192787,0.929679794613544,7187.58602883563
1,0,0,0,0,0,1,-84.2471184127998,30.0257819155388,7260,25.5476772192787,0.929679794613544,7187.29487896777
1,0,0,0,0,0,1,-84.2471184127998,30.0257819155388,7260,25.5476772192787,0.929679794613544,7187.00331260502
1,0,0,0,0,0,1,-84.2471184127998,30.0257819155388,7260,25.5476772192787,0.929679794613544,7186.7113455611
1,0,0,0,0,0,1,-84.2471184127998,30.0257819155388,7260,25.5476772192787,0.929679794613544,7186.41899375411
1,0,0,0,0,0,1,-84.2471184127998,30.0257819155388,7260,25.5476772192787,0.929679794613544,7186.12627320342
1,0,0,0,0,0,1,-84.2471184127998,30.0257819155388,7260,25.5476772192787,0.929679794613544,7185.83320002654
1,0,0,0,0,0,1,-84.2471184127998,30.0257819155388,7260,25.5476772192787,0.929679794613544,7185.53979043598
1,0,0,0,0,0,1,-84.2471184127998,30.0257819155388,7260,25.5476772192787,0.929679794613544,7185.24606073626
1,0,0,0,0,0,1,-84.2471184127998,30.0257819155388,7260,25.5476772192787,0.929679794613544,7184.95202732075
1,0,0,0,0,0,1,-84.2471184127998,30.0257819155388,7260,25.5476772192787,0.929679794613544,7184.65770666875
1,0,0,0,0,0,1,-84.2471184127998,30.0257819155388,7260,25.5476772192787,0.929679794613544,7184.36311534241
1,0,0,0,0,0,1,-84.2471184127998,30.0257819155388,7260,25.5476772192787,0.929679794613544,7184.06826998383
1,0,0,0,0,0,1,-84.2471184127998,30.0257819155388,7260,25.5476772192787,0.929679794613544,7183.77318731207
1,0,0,0,0,0,1,-84.2471184127998,30.0257819155388,7260,25.5476772192787,0.929679794613544,7183.47788412028
1,0,0,0,0,0,1,-84.2471184127998,30.0257819155388,7260,25.5476772192787,0.929679794613544,7183.18237727282
1,0,0,0,0,0,1,-84.2471184127998,30.0257819155388,7260,25.5476772192787,0.929679794613544,7182.88668370243
1,0,0,0,0,0,1,-84.2471184127998,30.0257819155388,7260,25.5476772192787,0.929679794613544,7182.59082040742
1,0,0,0,0,0,1,-84.2471184127998,30.0257819155388,7260,25.5476772192787,0.929679794613544,7182.29480444893
1,0,0,0,0,0,1,-84.2471184127998,30.0257819155388,7260,25.5476772192787,0.929679794613544,7181.99865294818
1,0,0,0,0,0,1,-84.2471184127998,30.0257819155388,7260,25.5476772192787,0.929679794613544,7181.70238308378
1,0,0,0,0,0,1,-84.2471184127998,30.0257819155388,7260,25.5476772192787,0.929679794613544,7181.40601208913
1,0,0,0,0,0,1,-84.2471184127998,30.0257819155388,7260,25.5476772192787,0.929679794613544,7181.10955724974
1,0,0,0,0,0,1,-84.2471184127998,30.0257819155388,7260,25.5476772192787,0.929679794613544,7180.81303590071
1,0,0,0,0,0,1,-84.2471184127998,30.0257819155388,7260,25.5476772192787,0.929679794613544,7180.51646542416
1,0,0,0,0,0,1,-84.2471184127998,30.0257819155388,7260,25.5476772192787,0.929679794613544,7180.21986324679
1,0,0,0,0,0,1,-84.2471184127998,30.0257819155388,7260,25.5476772192787,0.929679794613544,7179.92324683738
1,0,0,0,0,0,1,-84.2471184127998,30.0257819155388,7260,25.5476772192787,0.929679794613544,7179.62663370441
1,0,0,0,0,0,1,-84.2471184127998,30.0257819155388,7260,25.5476772192787,0.929679794613544,7179.33004139368
1,0,0,0,0,0,1,-84.2471184127998,30.0257819155388,7260,25.5476772192787,0.929679794613544,7179.03348748597
1,0,0,0,0,0,1,-84.2471184127998,30.0257819155388,7260,25.5476772192787,0.929679794613544,7178.73698959476
1,0,0,0,0,0,1,-84.2471184127998,30.0257819155388,7260,25.5476772192787,0.929679794613544,7178.44056536401
1,0,0,0,0,0,1,-84.2471184127998,30.0257819155388,7260,25.5476772192787,0.929679794613544,7178.14423246589
1,0,0,0,0,0,1,-84.2471184127998,30.0257819155388,7260,25.5476772192787,0.929679794613544,7177.84800859865
1,0,0,0,0,0,1,-84.2471184127998,30.0257819155388,7260,25.5476772192787,0.929679794613544,7177.55191148452
1,0,0,0,0,0,1,-84.2471184127998,30.0257819155388,7260,25.5476772192787,0.929679794613544,7177.25595886755
1,0,0,0,0,0,1,-84.2471184127998,30.0257819155388,7260,25.5476772192787,0.929679794613544,7176.96016851161
1,0,0,0,0,0,1,-84.2471184127998,30.0257819155388,7260,25.5476772192787,0.929679794613544,7176.66455819838
1,0,0,0,0,0,1,-84.2471184127998,30.0257819155388,7260,25.5476772192787,0.929679794613544,7176.36914572534
1,0,0,0,0,0,1,-84.2471184127998,30.0257819155388,7260,25.5476772192787,0.929679794613544,7176.07394890388
1,0,0,0,0,0,1,-84.2471184127998,30.0257819155388,7260,25.5476772192787,0.929679794613544,7175.77898555737
1,0,0,0,0,0,1,-84.2471184127998,30.0257819155388,7260,25.5476772192787,0.929679794613544,7175.48427351933
1,0,0,0,0,0,1,-84.2471184127998,30.0257819155388,7260,25.5476772192787,0.929679794613544,7175.18983063157
1,0,0,0,0,0,1,-84.2471184127998,30.0257819155388,7260,25.5476772192787,0.929679794613544,7174.89567474243
1,0,0,0,0,0,1,-84.2471184127998,30.0257819155388,7260,25.5476772192787,0.929679794613544,7174.60182370504
1,0,0,0,0,0,1,-84.2471184127998,30.0257819155388,7260,25.5476772192787,0.929679794613544,7174.30829537558
1,0,0,0,0,0,1,-84.2471184127998,30.0257819155388,7260,25.5476772192787,0.929679794613544,7174.01510761159
1,0,0,0,0,0,1,-84.2471184127998,30.0257819155388,7260,25.5476772192787,0.929679794613544,7173.72227827036
1,0,0,0,0,0,1,-84.2471184127998,30.0257819155388,7260,25.5476772192787,0.929679794613544,7173.42982520729
1,0,0,0,0,0,1,-84.2471184127998,30.0257819155388,7260,25.5476772192787,0.929679794613544,7173.13776627432
1,0,0,0,0,0,1,-84.2471184127998,30.0257819155388,7260,25.5476772192787,0.929679794613544,7172.84611931839
1,0,0,0,0,0,1,-84.2471184127998,30.0257819155388,7260,25.5476772192787,0.929679794613544,7172.55490217989
1,0,0,0,0,0,1,-84.2471184127998,30.0257819155388,7260,25.5476772192787,0.929679794613544,7172.26413269122
1,0,0,0,0,0,1,-84.2471184127998,30.0257819155388,7260,25.5476772192787,0.929679794613544,7171.9738286753
1,0,0,0,0,0,1,-84.2471184127998,30.0257819155388,7260,25.5476772192787,0.929679794613544,7171.68400794417
1,0,0,0,0,0,1,-84.2471184127998,30.0257819155388,7260,25.5476772192787,0.929679794613544,7171.39468829759
1,0,0,0,0,0,1,-84.2471184127998,30.0257819155388,7260,25.5476772192787,0.929679794613544,7171.10588752166
1,0,0,0,0,0,1,-84.2471184127998,30.0257819155388,7260,25.5476772192787,0.929679794613544,7170.81762338749
1,0,0,0,0,0,1,-84.2471184127998,30.0257819155388,7260,25.5476772192787,0.929679794613544,7170.52991364991
1,0,0,0,0,0,1,-84.2471184127998,30.0257819155388,7260,25.5476772192787,0.929679794613544,7170.24277604615
1,0,0,0,0,0,1,-84.2471184127998,30.0257819155388,7260,25.5476772192787,0.929679794613544,7169.95622829461
1,0,0,0,0,0,1,-84.2471184127998,30.0257819155388,7260,25.5476772192787,0.929679794613544,7169.67028809363
1,0,0,0,0,0,1,-84.2471184127998,30.0257819155388,7260,25.5476772192787,0.929679794613544,7169.38497312027
1,0,0,0,0,0,1,-84.2471184127998,30.0257819155388,7260,25.5476772192787,0.929679794613544,7169.10030102911
1,0,0,0,0,0,1,-84.2471184127998,30.0257819155388,7260,25.5476772192787,0.929679794613544,7168.81628945117
1,0,0,0,0,0,1,-84.2471184127998,30.0257819155388,7260,25.5476772192787,0.929679794613544,7168.53295599267
1,0,0,0,0,0,1,-84.2471184127998,30.0257819155388,7260,25.5476772192787,0.929679794613544,7168.25031823402
1,0,0,0,0,0,1,-84.2471184127998,30.0257819155388,7260,25.5476772192787,0.929679794613544,7167.96839372865
1,0,0,0,0,0,1,-84.2471184127998,30.0257819155388,7260,25.5476772192787,0.929679794613544,7167.68720000201
1,0,0,0,0,0,1,-84.2471184127998,30.0257819155388,7260,25.5476772192787,0.929679794613544,7167.40675455046
1,0,0,0,0,0,1,-84.2471184127998,30.0257819155388,7260,25.5476772192787,0.929679794613544,7167.12707484031
1,0,0,0,0,0,1,-84.2471184127998,30.0257819155388,7260,25.5476772192787,0.929679794613544,7166.84817830676
1,0,0,0,0,0,1,-84.2471184127998,30.0257819155388,7260,25.5476772192787,0.929679794613544,7166.57008235298
1,0,0,0,0,0,1,-84.2471184127998,30.0257819155388,7260,25.5476772192787,0.929679794613544,7166.29280434905
1,0,0,0,0,0,1,-84.2471184127998,30.0257819155388,7260,25.5476772192787,0.929679794613544,7166.01636163112
1,0,0,0,0,0,1,-84.2471184127998,30.0257819155388,7260,25.5476772192787,0.929679794613544,7165.7407715004
1,0,0,0,0,0,1,-84.2471184127998,30.0257819155388,7260,25.5476772192787,0.929679794613544,7165.46605122229
1,0,0,0,0,0,1,-84.2471184127998,30.0257819155388,7260,25.5476772192787,0.929679794613544,7165.19221802547
1,0,0,0,0,0,1,-84.2471184127998,30.0257819155388,7260,25.5476772192787,0.929679794613544,7164.91928910104
1,0,0,0,0,0,1,-84.2471184127998,30.0257819155388,7260,25.5476772192787,0.929679794613544,7164.64728160163
1,0,0,0,0,0,1,-84.2471184127998,30.0257819155388,7260,25.5476772192787,0.929679794613544,7164.37621264058
1,0,0,0,0,0,1,-84.2471184127998,30.0257819155388,7260,25.5476772192787,0.929679794613544,7164.1060992911
1,0,0,0,0,0,1,-84.2471184127998,30.0257819155388,7260,25.5476772192787,0.929679794613544,7163.83695858546
1,0,0,0,0,0,1,-84.2471184127998,30.0257819155388,7260,25.5476772192787,0.929679794613544,7163.56880751418
1,0,0,0,0,0,1,-84.2471184127998,30.0257819155388,7260,25.5476772192787,0.929679794613544,7163.30166302524
1,0,0,0,0,0,1,-84.2471184127998,30.0257819155388,7260,25.5476772192787,0.929679794613544,7163.03554202334
1,0,0,0,0,0,1,-84.2471184127998,30.0257819155388,7260,25.5476772192787,0.929679794613544,7162.77046136909
1,0,0,0,0,0,1,-84.2471184127998,30.0257819155388,7260,25.5476772192787,0.929679794613544,7162.5064378783
1,0,0,0,0,0,1,-84.2471184127998,30.0257819155388,7260,25.5476772192787,0.929679794613544,7162.24348832121
1,0,0,0,0,0,1,-84.2471184127998,30.0257819155388,7260,25.5476772192787,0.929679794613544,7161.98162942181
1,0,0,0,0,0,1,-84.2471184127998,30.0257819155388,7260,25.5476772192787,0.929679794613544,7161.72087785709
1,0,0,0,0,0,1,-84.2471184127998,30.0257819155388,7260,25.5476772192787,0.929679794613544,7161.46125025635
1,0,0,0,0,0,1,-84.2471184127998,30.0257819155388,7260,25.5476772192787,0.929679794613544,7161.20276320053
1,0,0,0,0,0,1,-84.2471184127998,30.0257819155388,7260,25.5476772192787,0.929679794613544,7160.94543322149
1,0,0,0,0,0,1,-84.2471184127998,30.0257819155388,7260,25.5476772192787,0.929679794613544,7160.68927680136
1,0,0,0,0,0,1,-84.2471184127998,30.0257819155388,7260,25.5476772192787,0.929679794613544,7160.43431037188
1,0,0,0,0,0,1,-84.2471184127998,30.0257819155388,7260,25.5476772192787,0.929679794613544,7160.18055031377
1,0,0,0,0,0,1,-84.2471184127998,30.0257819155388,7260,25.5476772192787,0.929679794613544,7159.92801295603
1,0,0,0,0,0,1,-84.2471184127998,30.0257819155388,7260,25.5476772192787,0.929679794613544,7159.67671457536
1,0,0,0,0,0,1,-84.2471184127998,30.0257819155388,7260,25.5476772192787,0.929679794613544,7159.42667139548
1,0,0,0,0,0,1,-84.2471184127998,30.0257819155388,7260,25.5476772192787,0.929679794613544,7159.17789958658
1,0,0,0,0,0,1,-84.2471184127998,30.0257819155388,7260,25.5476772192787,0.929679794613544,7158.93041526463
1,0,0,0,0,0,1,-84.2471184127998,30.0257819155388,7260,25.5476772192787,0.929679794613544,7158.68423449085
1,0,0,0,0,0,1,-84.2471184127998,30.0257819155388,7260,25.5476772192787,0.929679794613544,7158.43937327104
1,0,0,0,0,0,1,-84.2471184127998,30.0257819155388,7260,25.5476772192787,0.929679794613544,7158.19584755506
1,0,0,0,0,0,1,-84.2471184127998,30.0257819155388,7260,25.5476772192787,0.929679794613544,7157.95367323616
1,0,0,0,0,0,1,-84.2471184127998,30.0257819155388,7260,25.5476772192787,0.929679794613544,7157.71286615049
1,0,0,0,0,0,1,-84.2471184127998,30.0257819155388,7260,25.5476772192787,0.929679794613544,7157.47344207647
1,0,0,0,0,0,1,-84.2471184127998,30.0257819155388,7260,25.5476772192787,0.929679794613544,7157.23541673421
1,0,0,0,0,0,1,-84.2471184127998,30.0257819155388,7260,25.5476772192787,0.929679794613544,7156.998805785
1,0,0,0,0,0,1,-84.2471184127998,30.0257819155388,7260,25.5476772192787,0.929679794613544,7156.7636248307
1,0,0,0,0,0,1,-84.2471184127998,30.0257819155388,7260,25.5476772192787,0.929679794613544,7156.52988941319
1,0,0,0,0,0,1,-84.2471184127998,30.0257819155388,7260,25.5476772192787,0.929679794613544,7156.29761501386
1,0,0,0,0,0,1,-84.2471184127998,30.0257819155388,7260,25.5476772192787,0.929679794613544,7156.066817053
1,0,0,0,1,0,1,-175.347080743537,15.2662041602271,7260,6.34058067028261,0.8,7155.8375108893
1,0,0,0,1,0,1,-175.347080743537,15.2662041602271,7260,6.34058067028261,0.8,7155.60962854527
1,0,0,0,1,0,1,-175.347080743537,15.2662041602271,7260,6.34058067028261,0.8,7155.38300323621
1,0,0,0,1,0,1,-175.347080743537,15.2662041602271,7260,6.34058067028261,0.8,7155.15750843057
1,0,0,0,1,0,1,-175.347080743537,15.2662041602271,7260,6.34058067028261,0.8,7154.93318662715
1,0,0,0,1,0,1,-175.347080743537,15.2662041602271,7260,6.34058067028261,0.8,7154.7102888814
1,0,0,0,1,0,1,-175.347080743537,15.2662041602271,7260,6.34058067028261,0.8,7154.48913160562
1,0,0,0,1,0,1,-175.347080743537,15.2662041602271,7260,6.34058067028261,0.8,7154.26994955961
1,0,0,0,1,0,1,-175.347080743537,15.2662041602271,7260,6.34058067028261,0.8,7154.05281709394
1,0,0,0,1,0,1,-175.347080743537,15.2662041602271,7260,6.34058067028261,0.8,7153.83770840458
1,0,0,0,1,0,1,-175.347080743537,15.2662041602271,7260,6.34058067028261,0.8,7153.6246074852
1,0,0,0,1,0,1,-175.347080743537,15.2662041602271,7260,6.34058067028261,0.8,7153.41357176361
1,0,0,0,1,0,1,-175.347080743537,15.2662041602271,7260,6.34058067028261,0.8,7153.20472073004
1,0,0,0,1,0,1,-175.347080743537,15.2662041602271,7260,6.34058067028261,0.8,7152.99818683173
1,0,0,0,1,0,1,-175.347080743537,15.2662041602271,7260,6.34058067028261,0.8,7152.7940714827
1,0,0,0,1,0,1,-175.347080743537,15.2662041602271,7260,6.34058067028261,0.8,7152.59243765326
1,0,0,0,1,0,1,-175.347080743537,15.2662041602271,7260,6.34058067028261,0.8,7152.39332862938
1,0,0,0,1,0,1,-175.347080743537,15.2662041602271,7260,6.34058067028261,0.8,7152.19679448333
1,0,0,0,1,0,1,-175.347080743537,15.2662041602271,7260,6.34058067028261,0.8,7152.00290292929
1,0,0,0,1,0,1,-175.347080743537,15.2662041602271,7260,6.34058067028261,0.8,7151.81173311029
1,0,0,0,1,0,1,-175.347080743537,15.2662041602271,7260,6.34058067028261,0.8,7151.62336341849
1,0,0,0,1,0,1,-175.347080743537,15.2662041602271,7260,6.34058067028261,0.8,7151.43786214577
1,0,0,0,1,0,1,-175.347080743537,15.2662041602271,7260,6.34058067028261,0.8,7151.25528651122
1,0,0,0,1,0,1,-175.347080743537,15.2662041602271,7260,6.34058067028261,0.8,7151.07568882413
1,0,0,0,1,0,1,-175.347080743537,15.2662041602271,7260,6.34058067028261,0.8,7150.89912279893
1,0,0,0,1,0,1,-175.347080743537,15.2662041602271,7260,6.34058067028261,0.8,7150.72564531029
1,0,0,0,1,0,1,-175.347080743537,15.2662041602271,7260,6.34058067028261,0.8,7150.55531426506
1,0,0,0,1,0,1,-175.347080743537,15.2662041602271,7260,6.34058067028261,0.8,7150.38818533975
1,0,0,0,1,0,1,-175.347080743537,15.2662041602271,7260,6.34058067028261,0.8,7150.22431037193
1,0,0,0,1,0,1,-175.347080743537,15.2662041602271,7260,6.34058067028261,0.8,7150.06373802739
1,0,0,0,1,0,1,-175.347080743537,15.2662041602271,7260,6.34058067028261,0.8,7149.90651534318
1,0,0,0,1,0,1,-175.347080743537,15.2662041602271,7260,6.34058067028261,0.8,7149.75268897754
1,0,0,0,1,0,1,-175.347080743537,15.2662041602271,7260,6.34058067028261,0.8,7149.60230531016
1,0,0,0,1,0,1,-175.347080743537,15.2662041602271,7260,6.34058067028261,0.8,7149.45540982014
1,0,0,0,1,0,1,-175.347080743537,15.2662041602271,7260,6.34058067028261,0.8,7149.31204645828
1,0,0,0,1,0,1,-175.347080743537,15.2662041602271,7260,6.34058067028261,0.8,7149.17225750682
1,0,0,0,1,0,1,-175.347080743537,15.2662041602271,7260,6.34058067028261,0.8,7149.03608385261
1,0,0,0,1,0,1,-175.347080743537,15.2662041602271,7260,6.34058067028261,0.8,7148.90356538273
1,0,0,0,1,0,1,-175.347080743537,15.2662041602271,7260,6.34058067028261,0.8,7148.77474120591
1,0,0,0,1,0,1,-175.347080743537,15.2662041602271,7260,6.34058067028261,0.8,7148.64964980769
1,0,0,0,1,0,1,-175.347080743537,15.2662041602271,7260,6.34058067028261,0.8,7148.52832852087
1,0,0,0,1,0,1,-175.347080743537,15.2662041602271,7260,6.34058067028261,0.8,7148.41081397772
1,0,0,0,1,0,1,-175.347080743537,15.2662041602271,7260,6.34058067028261,0.8,7148.29714151627
1,0,0,0,1,0,1,-175.347080743537,15.2662041602271,7260,6.34058067028261,0.8,7148.18734592116
1,0,0,0,1,0,1,-175.347080743537,15.2662041602271,7260,6.34058067028261,0.8,7148.08146108109
1,0,0,0,1,0,1,-175.347080743537,15.2662041602271,7260,6.34058067028261,0.8,7147.97952007552
1,0,0,0,1,0,1,-175.347080743537,15.2662041602271,7260,6.34058067028261,0.8,7147.88155522854
1,0,0,0,1,0,1,-175.347080743537,15.2662041602271,7260,6.34058067028261,0.8,7147.78759813556
1,0,0,0,1,0,1,-175.347080743537,15.2662041602271,7260,6.34058067028261,0.8,7147.69767966931
1,0,0,0,1,0,1,-175.347080743537,15.2662041602271,7260,6.34058067028261,0.8,7147.61182997567
1,0,0,0,1,0,1,-175.347080743537,15.2662041602271,7260,6.34058067028261,0.8,7147.53007845159
1,0,0,0,1,0,1,-175.347080743537,15.2662041602271,7260,6.34058067028261,0.8,7147.45245380574
1,0,0,0,1,0,1,-175.347080743537,15.2662041602271,7260,6.34058067028261,0.8,7147.37898399704
1,0,0,0,1,0,1,-175.347080743537,15.2662041602271,7260,6.34058067028261,0.8,7147.30969615349
1,0,0,0,1,0,1,-175.347080743537,15.2662041602271,7260,6.34058067028261,0.8,7147.24461695231
1,0,0,0,1,0,1,-175.347080743537,15.2662041602271,7260,6.34058067028261,0.8,7147.18377222044
1,0,0,0,1,0,1,-175.347080743537,15.2662041602271,7260,6.34058067028261,0.8,7147.12718705631
1,0,0,0,1,0,1,-175.347080743537,15.2662041602271,7260,6.34058067028261,0.8,7147.07488583668
1,0,0,0,1,0,1,-175.347080743537,15.2662041602271,7260,6.34058067028261,0.8,7147.02689222407
1,0,0,0,1,0,1,-175.347080743537,15.2662041602271,7260,6.34058067028261,0.8,7146.98322917291
1,0,0,0,1,0,1,-175.347080743537,15.2662041602271,7260,6.34058067028261,0.8,7146.94391892806
1,0,0,0,1,0,1,-175.347080743537,15.2662041602271,7260,6.34058067028261,0.8,7146.90898302074
1,0,0,0,1,0,1,-175.347080743537,15.2662041602271,7260,6.34058067028261,0.8,7146.87844226725
1,0,0,0,1,0,1,-175.347080743537,15.2662041602271,7260,6.34058067028261,0.8,7146.85231677293
1,0,0,0,1,0,1,-175.347080743537,15.2662041602271,7260,6.34058067028261,0.8,7146.83062593909
1,0,0,0,1,0,1,-175.347080743537,15.2662041602271,7260,6.34058067028261,0.8,7146.81338847729
1,0,0,0,1,0,1,-175.347080743537,15.2662041602271,7260,6.34058067028261,0.8,7146.80062240752
1,0,0,0,1,0,1,-175.347080743537,15.2662041602271,7260,6.34058067028261,0.8,7146.79234510859
1,0,0,0,1,0,1,-175.347080743537,15.2662041602271,7260,6.34058067028261,0.8,7146.78857322691
1,0,0,0,1,0,1,-175.347080743537,15.2662041602271,7260,6.34058067028261,0.8,7146.78932283868
1,0,0,0,1,0,1,-175.347080743537,15.2662041602271,7260,6.34058067028261,0.8,7146.7946093321
1,0,0,0,1,0,1,-175.347080743537,15.2662041602271,7260,6.34058067028261,0.8,7146.80444748468
1,0,0,0,1,0,1,-175.347080743537,15.2662041602271,7260,6.34058067028261,0.8,7146.81885144944
1,0,0,0,1,0,1,-175.347080743537,15.2662041602271,7260,6.34058067028261,0.8,7146.83783469634
1,0,0,0,1,0,1,-175.347080743537,15.2662041602271,7260,6.34058067028261,0.8,7146.8614102964
1,0,0,0,1,0,1,-175.347080743537,15.2662041602271,7260,6.34058067028261,0.8,7146.88959072487
1,0,0,0,1,0,1,-175.347080743537,15.2662041602271,7260,6.34058067028261,0.8,7146.92238777517
1,0,0,0,1,0,1,-175.347080743537,15.2662041602271,7260,6.34058067028261,0.8,7146.95981286286
1,0,0,0,1,0,1,-175.347080743537,15.2662041602271,7260,6.34058067028261,0.8,7147.00187676082
1,0,0,0,1,0,1,-175.347080743537,15.2662041602271,7260,6.34058067028261,0.8,7147.04858978126
1,0,0,0,1,0,1,-175.347080743537,15.2662041602271,7260,6.34058067028261,0.8,7147.09996168004
1,0,0,0,1,0,1,-175.347080743537,15.2662041602271,7260,6.34058067028261,0.8,7147.15600184821
1,0,0,0,1,0,1,-175.347080743537,15.2662041602271,7260,6.34058067028261,0.8,7147.2167190598
1,0,0,0,1,0,1,-175.347080743537,15.2662041602271,7260,6.34058067028261,0.8,7147.28212176894
1,0,0,0,1,0,1,-175.347080743537,15.2662041602271,7260,6.34058067028261,0.8,7147.35221785579
1,0,0,0,1,0,1,-175.347080743537,15.2662041602271,7260,6.34058067028261,0.8,7147.42701474243
1,0,0,0,1,0,1,-175.347080743537,15.2662041602271,7260,6.34058067028261,0.8,7147.50651944277
1,0,0,0,1,0,1,-175.347080743537,15.2662041602271,7260,6.34058067028261,0.8,7147.59073845841
1,0,0,0,1,0,1,-175.347080743537,15.2662041602271,7260,6.34058067028261,0.8,7147.67967794602
1,0,0,0,1,0,1,-175.347080743537,15.2662041602271,7260,6.34058067028261,0.8,7147.7733435822
1,0,0,0,1,0,1,-175.347080743537,15.2662041602271,7260,6.34058067028261,0.8,7147.87174049376
1,0,0,0,1,0,1,-175.347080743537,15.2662041602271,7260,6.34058067028261,0.8,7147.97487349694
1,0,0,0,1,0,1,-175.347080743537,15.2662041602271,7260,6.34058067028261,0.8,7148.08274691822
1,0,0,0,1,0,1,-175.347080743537,15.2662041602271,7260,6.34058067028261,0.8,7148.19536457356
1,0,0,0,1,0,1,-175.347080743537,15.2662041602271,7260,6.34058067028261,0.8,7148.31272993456
1,0,0,0,1,0,1,-175.347080743537,15.2662041602271,7260,6.34058067028261,0.8,7148.43484600511
1,0,0,0,1,0,1,-175.347080743537,15.2662041602271,7260,6.34058067028261,0.8,7148.56171525166
1,0,0,0,1,0,1,-175.347080743537,15.2662041602271,7260,6.34058067028261,0.8,7148.69333981082
1,0,0,0,1,0,1,-175.347080743537,15.2662041602271,7260,6.34058067028261,0.8,7148.82972134686
1,0,0,0,1,0,1,-175.347080743537,15.2662041602271,7260,6.34058067028261,0.8,7148.9708609971
1,0,0,0,1,0,1,-175.347080743537,15.2662041602271,7260,6.34058067028261,0.8,7149.11675958266
1,0,0,0,1,0,1,-175.347080743537,15.2662041602271,7260,6.34058067028261,0.8,7149.26741741679
1,0,0,0,1,0,1,-175.347080743537,15.2662041602271,7260,6.34058067028261,0.8,7149.4228343916
1,0,0,0,1,0,1,-175.347080743537,15.2662041602271,7260,6.34058067028261,0.8,7149.5830099822
1,0,0,0,1,0,1,-175.347080743537,15.2662041602271,7260,6.34058067028261,0.8,7149.74794325049
1,0,0,0,1,0,1,-175.347080743537,15.2662041602271,7260,6.34058067028261,0.8,7149.91763285061
1,0,0,0,1,0,1,-175.347080743537,15.2662041602271,7260,6.34058067028261,0.8,7150.09207703568
1,0,0,0,1,0,1,-175.347080743537,15.2662041602271,7260,6.34058067028261,0.8,7150.27127366701
1,0,0,0,1,0,1,-175.347080743537,15.2662041602271,7260,6.34058067028261,0.8,7150.45522022597
1,0,0,0,1,0,1,-175.347080743537,15.2662041602271,7260,6.34058067028261,0.8,7150.64391382662
1,0,0,0,1,0,1,-175.347080743537,15.2662041602271,7260,6.34058067028261,0.8,7150.83735122809
1,0,0,0,1,0,1,-175.347080743537,15.2662041602271,7260,6.34058067028261,0.8,7151.03552884606
1,0,0,0,1,0,1,-175.347080743537,15.2662041602271,7260,6.34058067028261,0.8,7151.23844276249
1,0,0,0,1,0,1,-175.347080743537,15.2662041602271,7260,6.34058067028261,0.8,7151.44608873975
1,0,0,0,1,0,1,-175.347080743537,15.2662041602271,7260,6.34058067028261,0.8,7151.65846222474
1,0,0,0,1,0,1,-175.347080743537,15.2662041602271,7260,6.34058067028261,0.8,7151.87555836275
1,0,0,0,1,0,1,-175.347080743537,15.2662041602271,7260,6.34058067028261,0.8,7152.09737200642
1,0,0,0,1,0,1,-175.347080743537,15.2662041602271,7260,6.34058067028261,0.8,7152.32389772382
1,0,0,0,1,0,1,-175.347080743537,15.2662041602271,7260,6.34058067028261,0.8,7152.55512980351
1,0,0,0,1,0,1,-175.347080743537,15.2662041602271,7260,6.34058067028261,0.8,7152.79106225801
1,0,0,0,1,0,1,-175.347080743537,15.2662041602271,7260,6.34058067028261,0.8,7153.03168882587
1,0,0,0,1,0,1,-175.347080743537,15.2662041602271,7260,6.34058067028261,0.8,7153.27700297247
1,0,0,0,1,0,1,-175.347080743537,15.2662041602271,7260,6.34058067028261,0.8,7153.5269978892
1,0,0,0,1,0,1,-175.347080743537,15.2662041602271,7260,6.34058067028261,0.8,7153.78166649061
1,0,0,0,1,0,1,-175.347080743537,15.2662041602271,7260,6.34058067028261,0.8,7154.04100140948
1,0,0,0,1,0,1,-175.347080743537,15.2662041602271,7260,6.34058067028261,0.8,7154.30499498986
1,0,0,0,1,0,1,-175.347080743537,15.2662041602271,7260,6.34058067028261,0.8,7154.57363927858
1,0,0,0,1,0,1,-175.347080743537,15.2662041602271,7260,6.34058067028261,0.8,7154.8469260153
1,0,0,0,1,0,1,-175.347080743537,15.2662041602271,7260,6.34058067028261,0.8,7155.1248466214
1,0,0,0,1,0,1,-175.347080743537,15.2662041602271,7260,6.34058067028261,0.8,7155.40739218787
1,0,0,0,1,0,1,-175.347080743537,15.2662041602271,7260,6.34058067028261,0.8,7155.69455346229
1,0,0,0,1,0,1,-175.347080743537,15.2662041602271,7260,6.34058067028261,0.8,7155.98632083519
1,0,0,0,1,0,1,-175.347080743537,15.2662041602271,7260,6.34058067028261,0.8,7156.28268432616
1,0,0,0,1,0,1,-175.347080743537,15.2662041602271,7260,6.34058067028261,0.8,7156.58363356997
1,0,0,0,1,0,1,-175.347080743537,15.2662041602271,7260,6.34058067028261,0.8,7156.8891578031
1,0,0,0,1,0,1,-175.347080743537,15.2662041602271,7260,6.34058067028261,0.8,7157.199245851
1,0,0,0,1,0,1,-175.347080743537,15.2662041602271,7260,6.34058067028261,0.8,7157.51388611627
1,0,0,0,1,0,1,-175.347080743537,15.2662041602271,7260,6.34058067028261,0.8,7157.83306656816
1,0,0,0,1,0,1,-175.347080743537,15.2662041602271,7260,6.34058067028261,0.8,7158.15677473364
1,0,0,0,1,0,1,-175.347080743537,15.2662041602271,7260,6.34058067028261,0.8,7158.48499769022
1,0,0,0,1,0,1,-175.347080743537,15.2662041602271,7260,6.34058067028261,0.8,7158.81772206097
1,0,0,0,1,0,1,-175.347080743537,15.2662041602271,7260,6.34058067028261,0.8,7159.1549340117
1,0,0,0,1,0,1,-175.347080743537,15.2662041602271,7260,6.34058067028261,0.8,7159.49661925069
1,0,0,0,1,0,1,-175.347080743537,15.2662041602271,7260,6.34058067028261,0.8,7159.84276303099
1,0,0,0,1,0,1,-175.347080743537,15.2662041602271,7260,6.34058067028261,0.8,7160.19335015538
1,0,0,0,1,0,1,-175.347080743537,15.2662041602271,7260,6.34058067028261,0.8,7160.54836498403
1,0,0,0,1,0,1,-175.347080743537,15.2662041602271,7260,6.34058067028261,0.8,7160.90779144493
1,0,0,0,1,0,1,-175.347080743537,15.2662041602271,7260,6.34058067028261,0.8,7161.27161304693
1,0,0,0,1,0,1,-175.347080743537,15.2662041602271,7260,6.34058067028261,0.8,7161.63981289107
1,0,0,0,1,0,1,-175.347080743537,15.2662041602271,7260,6.34058067028261,0.8,7162.01237371472
1,0,0,0,1,0,1,-175.347080743537,15.2662041602271,7260,6.34058067028261,0.8,7162.38927784144
1,0,0,0,1,0,1,-175.347080743537,15.2662041602271,7260,6.34058067028261,0.8,7162.77050730776
1,0,0,0,1,0,1,-175.347080743537,15.2662041602271,7260,6.34058067028261,0.8,7163.15604379267
1,0,0,0,1,0,1,-175.347080743537,15.2662041602271,7260,6.34058067028261,0.8,7163.54586869389
1,0,0,0,1,0,1,-175.347080743537,15.2662041602271,7260,6.34058067028261,0.8,7163.93996313764
1,0,0,0,1,0,1,-175.347080743537,15.2662041602271,7260,6.34058067028261,0.8,7164.33830800759
1,0,0,0,1,0,1,-175.347080743537,15.2662041602271,7260,6.34058067028261,0.8,7164.74088401708
1,0,0,0,1,0,1,-175.347080743537,15.2662041602271,7260,6.34058067028261,0.8,7165.14767208144
1,0,0,0,1,0,1,-175.347080743537,15.2662041602271,7260,6.34058067028261,0.8,7165.55865350072
1,0,0,0,1,0,1,-175.347080743537,15.2662041602271,7260,6.34058067028261,0.8,7165.97380999849
1,0,0,0,1,0,1,-175.347080743537,15.2662041602271,7260,6.34058067028261,0.8,7166.39312382981
1,0,0,0,1,0,1,-175.347080743537,15.2662041602271,7260,6.34058067028261,0.8,7166.81657793237
1,0,0,0,1,0,1,-175.347080743537,15.2662041602271,7260,6.34058067028261,0.8,7167.2441559521
1,0,0,0,1,0,1,-175.347080743537,15.2662041602271,7260,6.34058067028261,0.8,7167.67584206825
1,0,0,0,1,0,1,-175.347080743537,15.2662041602271,7260,6.34058067028261,0.8,7168.1116207511
1,0,0,0,1,0,1,-175.347080743537,15.2662041602271,7260,6.34058067028261,0.8,7168.55147664114
1,0,0,0,1,0,1,-175.347080743537,15.2662041602271,7260,6.34058067028261,0.8,7168.995394585
1,0,0,0,1,0,1,-175.347080743537,15.2662041602271,7260,6.34058067028261,0.8,7169.44335975643
1,0,0,0,1,0,1,-175.347080743537,15.2662041602271,7260,6.34058067028261,0.8,7169.89535774608
1,0,0,0,1,0,1,-175.347080743537,15.2662041602271,7260,6.34058067028261,0.8,7170.35137454293
1,0,0,0,1,0,1,-175.347080743537,15.2662041602271,7260,6.34058067028261,0.8,7170.81139635469
1,0,0,0,1,0,1,-175.347080743537,15.2662041602271,7260,6.34058067028261,0.8,7171.27540955581
1,0,0,0,1,0,1,-175.347080743537,15.2662041602271,7260,6.34058067028261,0.8,7171.74340061325
1,0,0,0,1,0,1,-175.347080743537,15.2662041602271,7260,6.34058067028261,0.8,7172.21535606688
1,0,0,0,1,0,1,-175.347080743537,15.2662041602271,7260,6.34058067028261,0.8,7172.69126256946
1,0,0,0,1,0,1,-175.347080743537,15.2662041602271,7260,6.34058067028261,0.8,7173.17110972379
1,0,0,0,1,0,1,-175.347080743537,15.2662041602271,7260,6.34058067028261,0.8,7173.65491314842
1,0,0,0,1,0,1,-175.347080743537,15.2662041602271,7260,6.34058067028261,0.8,7174.14274292408
1,0,0,0,1,0,1,-175.347080743537,15.2662041602271,7260,6.34058067028261,0.8,7174.63467305221
1,0,0,0,1,0,1,-175.347080743537,15.2662041602271,7260,6.34058067028261,0.8,7175.13070650162
1,0,0,0,1,0,1,-175.347080743537,15.2662041602271,7260,6.34058067028261,0.8,7175.63076207258
1,0,0,0,1,0,1,-175.347080743537,15.2662041602271,7260,6.34058067028261,0.8,7176.13470865614
1,0,0,0,1,0,1,-175.347080743537,15.2662041602271,7260,6.34058067028261,0.8,7176.64241416907
1,0,0,0,1,0,1,-175.347080743537,15.2662041602271,7260,6.34058067028261,0.8,7177.1537720919
1,0,0,0,1,0,1,-175.347080743537,15.2662041602271,7260,6.34058067028261,0.8,7177.66869746468
1,0,0,0,1,0,1,-175.347080743537,15.2662041602271,7260,6.34058067028261,0.8,7178.18710701329
1,0,0,0,1,0,1,-175.347080743537,15.2662041602271,7260,6.34058067028261,0.8,7178.70890099202
1,0,0,0,1,0,1,-175.347080743537,15.2662041602271,7260,6.34058067028261,0.8,7179.2339583154
1,0,0,0,1,0,1,-175.347080743537,15.2662041602271,7260,6.34058067028261,0.8,7179.76214417343
1,0,0,0,1,0,1,-175.347080743537,15.2662041602271,7260,6.34058067028261,0.8,7180.29332132675
1,0,0,0,1,0,1,-175.347080743537,15.2662041602271,7260,6.34058067028261,0.8,7180.8273551942
1,0,0,0,1,0,1,-175.347080743537,15.2662041602271,7260,6.34058067028261,0.8,7181.36411498316
1,0,0,0,1,0,1,-175.347080743537,15.2662041602271,7260,6.34058067028261,0.8,7181.90347011032
1,0,0,0,1,0,1,-175.347080743537,15.2662041602271,7260,6.34058067028261,0.8,7182.44528642212
1,0,0,0,1,0,1,-175.347080743537,15.2662041602271,7260,6.34058067028261,0.8,7182.98942484903
1,0,0,0,1,0,1,-175.347080743537,15.2662041602271,7260,6.34058067028261,0.8,7183.53574312066
1,0,0,0,1,0,1,-175.347080743537,15.2662041602271,7260,6.34058067028261,0.8,7184.08409800024
1,0,0,0,1,0,1,-175.347080743537,15.2662041602271,7260,6.34058067028261,0.8,7184.63434731553
1,0,0,0,1,0,1,-175.347080743537,15.2662041602271,7260,6.34058067028261,0.8,7185.18635000765
1,0,0,0,1,0,1,-175.347080743537,15.2662041602271,7260,6.34058067028261,0.8,7185.73996566021
1,0,0,0,1,0,1,-175.347080743537,15.2662041602271,7260,6.34058067028261,0.8,7186.29505393772
1,0,0,0,1,0,1,-175.347080743537,15.2662041602271,7260,6.34058067028261,0.8,7186.85147446502
1,0,0,0,1,0,1,-175.347080743537,15.2662041602271,7260,6.34058067028261,0.8,7187.40908718895
1,0,0,0,1,0,1,-175.347080743537,15.2662041602271,7260,6.34058067028261,0.8,7187.96775294361
1,0,0,0,1,0,1,-175.347080743537,15.2662041602271,7260,6.34058067028261,0.8,7188.52733390374
1,0,0,0,1,0,1,-175.347080743537,15.2662041602271,7260,6.34058067028261,0.8,7189.08769378287
1,0,0,0,1,0,1,-175.347080743537,15.2662041602271,7260,6.34058067028261,0.8,7189.64869783504
1,0,0,0,1,0,1,-175.347080743537,15.2662041602271,7260,6.34058067028261,0.8,7190.21021280946
1,0,0,0,1,0,1,-175.347080743537,15.2662041602271,7260,6.34058067028261,0.8,7190.77210697283
1,0,0,0,1,0,1,-175.347080743537,15.2662041602271,7260,6.34058067028261,0.8,7191.33425022276
1,0,0,0,1,0,1,-175.347080743537,15.2662041602271,7260,6.34058067028261,0.8,7191.89651424488
1,0,0,0,1,0,1,-175.347080743537,15.2662041602271,7260,6.34058067028261,0.8,7192.45877265005
1,0,0,0,1,0,1,-175.347080743537,15.2662041602271,7260,6.34058067028261,0.8,7193.02090105797
1,0,0,0,1,0,1,-175.347080743537,15.2662041602271,7260,6.34058067028261,0.8,7193.58277708875
1,0,0,0,1,0,1,-175.347080743537,15.2662041602271,7260,6.34058067028261,0.8,7194.1442806131
1,0,0,0,1,0,1,-175.347080743537,15.2662041602271,7260,6.34058067028261,0.8,7194.70529315436
1,0,0,0,1,0,1,-175.347080743537,15.2662041602271,7260,6.34058067028261,0.8,7195.26569874594
1,0,0,0,1,0,1,-175.347080743537,15.2662041602271,7260,6.34058067028261,0.8,7195.82538354224
1,0,0,0,1,0,1,-175.347080743537,15.2662041602271,7260,6.34058067028261,0.8,7196.38423591134
1,0,0,0,1,0,1,-175.347080743537,15.2662041602271,7260,6.34058067028261,0.8,7196.94214636153
1,0,0,0,1,0,1,-175.347080743537,15.2662041602271,7260,6.34058067028261,0.8,7197.49900758171
1,0,0,0,1,0,1,-175.347080743537,15.2662041602271,7260,6.34058067028261,0.8,7198.05471446866
1,0,0,0,1,0,1,-175.347080743537,15.2662041602271,7260,6.34058067028261,0.8,7198.60916415932
1,0,0,0,1,0,1,-175.347080743537,15.2662041602271,7260,6.34058067028261,0.8,7199.16225603566
1,0,0,0,1,0,1,-175.347080743537,15.2662041602271,7260,6.34058067028261,0.8,7199.7138917118
1,0,0,0,1,0,1,-175.347080743537,15.2662041602271,7260,6.34058067028261,0.8,7200.26397501141
1,0,0,0,1,0,1,-175.347080743537,15.2662041602271,7260,6.34058067028261,0.8,7200.81241194758
1,0,0,0,1,0,1,-175.347080743537,15.2662041602271,7260,6.34058067028261,0.8,7201.35911070853
1,0,0,0,1,0,1,-175.347080743537,15.2662041602271,7260,6.34058067028261,0.8,7201.90398164663
1,0,0,0,1,0,1,-175.347080743537,15.2662041602271,7260,6.34058067028261,0.8,7202.44693726556
1,0,0,0,1,0,1,-175.347080743537,15.2662041602271,7260,6.34058067028261,0.8,7202.98789220213
1,0,0,0,1,0,1,-175.347080743537,15.2662041602271,7260,6.34058067028261,0.8,7203.52676320249
1,0,0,0,1,0,1,-175.347080743537,15.2662041602271,7260,6.34058067028261,0.8,7204.06346608804
1,0,0,0,1,0,1,-175.347080743537,15.2662041602271,7260,6.34058067028261,0.8,7204.59789616322
1,0,0,0,1,0,1,-175.347080743537,15.2662041602271,7260,6.34058067028261,0.8,7205.12993093602
1,0,0,0,1,0,1,-175.347080743537,15.2662041602271,7260,6.34058067028261,0.8,7205.659460072
1,0,0,0,1,0,1,-175.347080743537,15.2662041602271,7260,6.34058067028261,0.8,7206.18640905827
1,0,0,0,1,0,1,-175.347080743537,15.2662041602271,7260,6.34058067028261,0.8,7206.71073667458
1,0,0,0,1,0,1,-175.347080743537,15.2662041602271,7260,6.34058067028261,0.8,7207.23241917339
1,0,0,0,1,0,1,-175.347080743537,15.2662041602271,7260,6.34058067028261,0.8,7207.75143388721
1,0,0,0,1,0,1,-175.347080743537,15.2662041602271,7260,6.34058067028261,0.8,7208.26775229748
1,0,0,0,1,0,1,-175.347080743537,15.2662041602271,7260,6.34058067028261,0.8,7208.7813437112
1,0,0,0,1,0,1,-175.347080743537,15.2662041602271,7260,6.34058067028261,0.8,7209.29218989115
1,0,0,0,1,0,1,-175.347080743537,15.2662041602271,7260,6.34058067028261,0.8,7209.80029202648
1,0,0,0,1,0,1,-175.347080743537,15.2662041602271,7260,6.34058067028261,0.8,7210.30565814674
1,0,0,0,1,0,1,-175.347080743537,15.2662041602271,7260,6.34058067028261,0.8,7210.80828637438
1,0,0,0,1,0,1,-175.347080743537,15.2662041602271,7260,6.34058067028261,0.8,7211.30816054243
1,0,0,0,1,0,1,-175.347080743537,15.2662041602271,7260,6.34058067028261,0.8,7211.80525733633
1,0,0,0,1,0,1,-175.347080743537,15.2662041602271,7260,6.34058067028261,0.8,7212.29955394373
1,0,0,0,1,0,1,-175.347080743537,15.2662041602271,7260,6.34058067028261,0.8,7212.79103433674
1,0,0,0,1,0,1,-175.347080743537,15.2662041602271,7260,6.34058067028261,0.8,7213.27968889775
1,0,0,0,1,0,1,-175.347080743537,15.2662041602271,7260,6.34058067028261,0.8,7213.76551249255
1,0,0,0,1,0,1,-175.347080743537,15.2662041602271,7260,6.34058067028261,0.8,7214.24849959992
1,0,0,0,1,0,1,-175.347080743537,15.2662041602271,7260,6.34058067028261,0.8,7214.7286450693
1,0,0,0,1,0,1,-175.347080743537,15.2662041602271,7260,6.34058067028261,0.8,7215.20594259425
1,0,0,0,1,0,1,-175.347080743537,15.2662041602271,7260,6.34058067028261,0.8,7215.68038708471
1,0,0,0,1,0,1,-175.347080743537,15.2662041602271,7260,6.34058067028261,0.8,7216.1519742206
1,0,0,0,1,0,1,-175.347080743537,15.2662041602271,7260,6.34058067028261,0.8,7216.62070099407
1,0,0,0,1,0,1,-175.347080743537,15.2662041602271,7260,6.34058067028261,0.8,7217.08656673859
1,0,0,0,1,0,1,-175.347080743537,15.2662041602271,7260,6.34058067028261,0.8,7217.54957184917
1,0,0,0,1,0,1,-175.347080743537,15.2662041602271,7260,6.34058067028261,0.8,7218.00971755625
1,0,0,0,1,0,1,-175.347080743537,15.2662041602271,7260,6.34058067028261,0.8,7218.46700579275
1,0,0,0,1,0,1,-175.347080743537,15.2662041602271,7260,6.34058067028261,0.8,7218.92143918561
1,0,0,0,1,0,1,-175.347080743537,15.2662041602271,7260,6.34058067028261,0.8,7219.37302111771
1,0,0,0,1,0,1,-175.347080743537,15.2662041602271,7260,6.34058067028261,0.8,7219.82175579115
1,0,0,0,1,0,1,-175.347080743537,15.2662041602271,7260,6.34058067028261,0.8,7220.26764824817
1,0,0,0,1,0,1,-175.347080743537,15.2662041602271,7260,6.34058067028261,0.8,7220.71070434104
1,0,0,0,1,0,1,-175.347080743537,15.2662041602271,7260,6.34058067028261,0.8,7221.1509306683
1,0,0,0,1,0,1,-175.347080743537,15.2662041602271,7260,6.34058067028261,0.8,7221.58833450284
1,0,0,0,1,0,1,-175.347080743537,15.2662041602271,7260,6.34058067028261,0.8,7222.02292373126
1,0,0,0,1,0,1,-175.347080743537,15.2662041602271,7260,6.34058067028261,0.8,7222.45470681182
1,0,0,0,1,0,1,-175.347080743537,15.2662041602271,7260,6.34058067028261,0.8,7222.88369274756
1,0,0,0,1,0,1,-175.347080743537,15.2662041602271,7260,6.34058067028261,0.8,7223.30989106638
1,0,0,0,1,0,1,-175.347080743537,15.2662041602271,7260,6.34058067028261,0.8,7223.7333118004
1,0,0,0,1,0,1,-175.347080743537,15.2662041602271,7260,6.34058067028261,0.8,7224.15396546059
1,0,0,0,1,0,1,-175.347080743537,15.2662041602271,7260,6.34058067028261,0.8,7224.57186300672
1,0,0,0,1,0,1,-175.347080743537,15.2662041602271,7260,6.34058067028261,0.8,7224.98701581506
1,0,0,0,1,0,1,-175.347080743537,15.2662041602271,7260,6.34058067028261,0.8,7225.39943564673
1,0,0,0,1,0,1,-175.347080743537,15.2662041602271,7260,6.34058067028261,0.8,7225.80913461842
1,0,0,0,1,0,1,-175.347080743537,15.2662041602271,7260,6.34058067028261,0.8,7226.21612517615
1,0,0,0,1,0,1,-175.347080743537,15.2662041602271,7260,6.34058067028261,0.8,7226.6204200713
1,0,0,0,1,0,1,-175.347080743537,15.2662041602271,7260,6.34058067028261,0.8,7227.02203233799
1,0,0,0,1,0,1,-175.347080743537,15.2662041602271,7260,6.34058067028261,0.8,7227.42097527108
1,0,0,0,1,0,1,-175.347080743537,15.2662041602271,7260,6.34058067028261,0.8,7227.81726240437
1,0,0,0,1,0,1,-175.347080743537,15.2662041602271,7260,6.34058067028261,0.8,7228.21090748908
1,0,0,0,1,0,1,-175.347080743537,15.2662041602271,7260,6.34058067028261,0.8,7228.60192447305
1,0,0,0,1,0,1,-175.347080743537,15.2662041602271,7260,6.34058067028261,0.8,7228.99032748069
1,0,0,0,1,0,1,-175.347080743537,15.2662041602271,7260,6.34058067028261,0.8,7229.37613079409
1,0,0,0,1,0,1,-175.347080743537,15.2662041602271,7260,6.34058067028261,0.8,7229.75934883514
1,0,0,0,1,0,1,-175.347080743537,15.2662041602271,7260,6.34058067028261,0.8,7230.13999614856
1,0,0,0,1,0,1,-175.347080743537,15.2662041602271,7260,6.34058067028261,0.8,7230.51808738586
1,0,0,0,1,0,1,-175.347080743537,15.2662041602271,7260,6.34058067028261,0.8,7230.89363728992
1,0,0,0,1,0,1,-175.347080743537,15.2662041602271,7260,6.34058067028261,0.8,7231.26666068032
1,0,0,0,1,0,1,-175.347080743537,15.2662041602271,7260,6.34058067028261,0.8,7231.63717243937
1,0,0,0,1,0,1,-175.347080743537,15.2662041602271,7260,6.34058067028261,0.8,7232.0051874988
1,0,0,0,1,0,1,-175.347080743537,15.2662041602271,7260,6.34058067028261,0.8,7232.37072082719
1,0,0,0,1,0,1,-175.347080743537,15.2662041602271,7260,6.34058067028261,0.8,7232.73378741812
1,0,0,0,1,0,1,-175.347080743537,15.2662041602271,7260,6.34058067028261,0.8,7233.09440227893
1,0,0,0,1,0,1,-175.347080743537,15.2662041602271,7260,6.34058067028261,0.8,7233.45258042027
1,0,0,0,1,0,1,-175.347080743537,15.2662041602271,7260,6.34058067028261,0.8,7233.80833684611
1,0,0,0,1,0,1,-175.347080743537,15.2662041602271,7260,6.34058067028261,0.8,7234.1616865445
1,0,0,0,1,0,1,-175.347080743537,15.2662041602271,7260,6.34058067028261,0.8,7234.51264447876
1,0,0,0,1,0,1,-175.347080743537,15.2662041602271,7260,6.34058067028261,0.8,7234.86122557934
1,0,0,0,1,0,1,-175.347080743537,15.2662041602271,7260,6.34058067028261,0.8,7235.20744473616
1,0,0,0,1,0,1,-175.347080743537,15.2662041602271,7260,6.34058067028261,0.8,7235.55131679145
1,0,0,0,1,0,1,-175.347080743537,15.2662041602271,7260,6.34058067028261,0.8,7235.89285653314
1,0,0,0,1,0,1,-175.347080743537,15.2662041602271,7260,6.34058067028261,0.8,7236.23207868871
1,0,0,0,1,0,1,-175.347080743537,15.2662041602271,7260,6.34058067028261,0.8,7236.56899791948
1,0,0,0,1,0,1,-175.347080743537,15.2662041602271,7260,6.34058067028261,0.8,7236.90362881533
1,0,0,0,1,0,1,-175.347080743537,15.2662041602271,7260,6.34058067028261,0.8,7237.23598588995
1,0,0,0,1,0,1,-175.347080743537,15.2662041602271,7260,6.34058067028261,0.8,7237.5660835763
1,0,0,0,1,0,1,-175.347080743537,15.2662041602271,7260,6.34058067028261,0.8,7237.89393622261
1,0,0,0,1,0,1,-175.347080743537,15.2662041602271,7260,6.34058067028261,0.8,7238.2195580887
1,0,0,0,1,0,1,-175.347080743537,15.2662041602271,7260,6.34058067028261,0.8,7238.54296334261
1,0,0,0,1,0,1,-175.347080743537,15.2662041602271,7260,6.34058067028261,0.8,7238.86416605762
1,0,0,0,1,0,1,-175.347080743537,15.2662041602271,7260,6.34058067028261,0.8,7239.18318020951
1,0,0,0,1,0,1,-175.347080743537,15.2662041602271,7260,6.34058067028261,0.8,7239.50001967423
1,0,0,0,1,0,1,-175.347080743537,15.2662041602271,7260,6.34058067028261,0.8,7239.81469822573
1,0,0,0,1,0,1,-175.347080743537,15.2662041602271,7260,6.34058067028261,0.8,7240.12722953417
1,0,0,0,1,0,1,-175.347080743537,15.2662041602271,7260,6.34058067028261,0.8,7240.43762716426
1,0,0,0,1,0,1,-175.347080743537,15.2662041602271,7260,6.34058067028261,0.8,7240.74590457399
1,0,0,0,1,0,1,-175.347080743537,15.2662041602271,7260,6.34058067028261,0.8,7241.05207511345
1,0,0,0,1,0,1,-175.347080743537,15.2662041602271,7260,6.34058067028261,0.8,7241.35615202394
1,0,0,0,1,0,1,-175.347080743537,15.2662041602271,7260,6.34058067028261,0.8,7241.65814843725
1,0,0,0,1,0,1,-175.347080743537,15.2662041602271,7260,6.34058067028261,0.8,7241.95807737515
1,0,0,0,1,0,1,-175.347080743537,15.2662041602271,7260,6.34058067028261,0.8,7242.25595174902
1,0,0,0,1,0,1,-175.347080743537,15.2662041602271,7260,6.34058067028261,0.8,7242.55178435969
1,0,0,0,1,0,1,-175.347080743537,15.2662041602271,7260,6.34058067028261,0.8,7242.8455878974
1,0,0,0,1,0,1,-175.347080743537,15.2662041602271,7260,6.34058067028261,0.8,7243.13737494191
1,0,0,0,1,0,1,-175.347080743537,15.2662041602271,7260,6.34058067028261,0.8,7243.42715796277
1,0,0,0,1,0,1,-175.347080743537,15.2662041602271,7260,6.34058067028261,0.8,7243.71494931965
1,0,0,0,1,0,1,-175.347080743537,15.2662041602271,7260,6.34058067028261,0.8,7244.00076126287
1,0,0,0,1,0,1,-175.347080743537,15.2662041602271,7260,6.34058067028261,0.8,7244.28460593396
1,0,0,0,1,0,1,126.883657069674,44.6014831225067,7260,-9.98707099119616,0.8,7244.56649536635
1,0,0,0,1,0,1,126.883657069674,44.6014831225067,7260,-9.98707099119616,0.8,7244.84644124936
1,0,0,0,1,0,1,126.883657069674,44.6014831225067,7260,-9.98707099119616,0.8,7245.12445366874
1,0,0,0,1,0,1,126.883657069674,44.6014831225067,7260,-9.98707099119616,0.8,7245.40054026165
1,0,0,0,1,0,1,126.883657069674,44.6014831225067,7260,-9.98707099119616,0.8,7245.6747058705
1,0,0,0,1,0,1,126.883657069674,44.6014831225067,7260,-9.98707099119616,0.8,7245.9469515991
1,0,0,0,1,0,1,126.883657069674,44.6014831225067,7260,-9.98707099119616,0.8,7246.21727294568
1,0,0,0,1,0,1,126.883657069674,44.6014831225067,7260,-9.98707099119616,0.8,7246.48565877802
1,0,0,0,1,0,1,126.883657069674,44.6014831225067,7260,-9.98707099119616,0.8,7246.75209175559
1,0,0,0,1,0,1,126.883657069674,44.6014831225067,7260,-9.98707099119616,0.8,7247.01654719354
1,0,0,0,1,0,1,126.883657069674,44.6014831225067,7260,-9.98707099119616,0.8,7247.2789963874
1,0,0,0,1,0,1,126.883657069674,44.6014831225067,7260,-9.98707099119616,0.8,7247.5394079332
1,0,0,0,1,0,1,126.883657069674,44.6014831225067,7260,-9.98707099119616,0.8,7247.79774859444
1,0,0,0,1,0,1,126.883657069674,44.6014831225067,7260,-9.98707099119616,0.8,7248.0539855778
1,0,0,0,1,0,1,126.883657069674,44.6014831225067,7260,-9.98707099119616,0.8,7248.30808917215
1,0,0,0,1,0,1,126.883657069674,44.6014831225067,7260,-9.98707099119616,0.8,7248.56003487744
1,0,0,0,1,0,1,126.883657069674,44.6014831225067,7260,-9.98707099119616,0.8,7248.80980388109
1,0,0,0,1,0,1,126.883657069674,44.6014831225067,7260,-9.98707099119616,0.8,7249.0573808877
1,0,0,0,1,0,1,126.883657069674,44.6014831225067,7260,-9.98707099119616,0.8,7249.30275392279
1,0,0,0,1,0,1,126.883657069674,44.6014831225067,7260,-9.98707099119616,0.8,7249.54591291079
1,0,0,0,1,0,1,126.883657069674,44.6014831225067,7260,-9.98707099119616,0.8,7249.78684831821
1,0,0,0,1,0,1,126.883657069674,44.6014831225067,7260,-9.98707099119616,0.8,7250.02554990418
1,0,0,0,1,0,1,126.883657069674,44.6014831225067,7260,-9.98707099119616,0.8,7250.26200588262
1,0,0,0,1,0,1,126.883657069674,44.6014831225067,7260,-9.98707099119616,0.8,7250.4962032349
1,0,0,0,1,0,1,126.883657069674,44.6014831225067,7260,-9.98707099119616,0.8,7250.72812902807
1,0,0,0,1,0,1,126.883657069674,44.6014831225067,7260,-9.98707099119616,0.8,7250.95777162243
1,0,0,0,1,0,1,126.883657069674,44.6014831225067,7260,-9.98707099119616,0.8,7251.18512107049
1,0,0,0,1,0,1,126.883657069674,44.6014831225067,7260,-9.98707099119616,0.8,7251.41016858505
1,0,0,0,1,0,1,126.883657069674,44.6014831225067,7260,-9.98707099119616,0.8,7251.63290568032
1,0,0,0,1,0,1,126.883657069674,44.6014831225067,7260,-9.98707099119616,0.8,7251.8533235092
1,0,0,0,1,0,1,126.883657069674,44.6014831225067,7260,-9.98707099119616,0.8,7252.07141290443
1,0,0,0,1,0,1,126.883657069674,44.6014831225067,7260,-9.98707099119616,0.8,7252.28716411504
1,0,0,0,1,0,1,126.883657069674,44.6014831225067,7260,-9.98707099119616,0.8,7252.50056782757
1,0,0,0,1,0,1,126.883657069674,44.6014831225067,7260,-9.98707099119616,0.8,7252.71161488378
1,0,0,0,1,0,1,126.883657069674,44.6014831225067,7260,-9.98707099119616,0.8,7252.92029616061
1,0,0,0,1,0,1,126.883657069674,44.6014831225067,7260,-9.98707099119616,0.8,7253.1266031311
1,0,0,0,1,0,1,126.883657069674,44.6014831225067,7260,-9.98707099119616,0.8,7253.3305260476
1,0,0,0,1,0,1,126.883657069674,44.6014831225067,7260,-9.98707099119616,0.8,7253.53205591415
1,0,0,0,1,0,1,126.883657069674,44.6014831225067,7260,-9.98707099119616,0.8,7253.73118373538
1,0,0,0,1,0,1,126.883657069674,44.6014831225067,7260,-9.98707099119616,0.8,7253.92790018411
1,0,0,0,1,0,1,126.883657069674,44.6014831225067,7260,-9.98707099119616,0.8,7254.12219572767
1,0,0,0,1,0,1,126.883657069674,44.6014831225067,7260,-9.98707099119616,0.8,7254.31406057746
1,0,0,0,1,0,1,126.883657069674,44.6014831225067,7260,-9.98707099119616,0.8,7254.50348492554
1,0,0,0,1,0,1,126.883657069674,44.6014831225067,7260,-9.98707099119616,0.8,7254.69045884059
1,0,0,0,1,0,1,126.883657069674,44.6014831225067,7260,-9.98707099119616,0.8,7254.87497231422
1,0,0,0,1,0,1,126.883657069674,44.6014831225067,7260,-9.98707099119616,0.8,7255.05701524186
1,0,0,0,1,0,1,126.883657069674,44.6014831225067,7260,-9.98707099119616,0.8,7255.23657743101
1,0,0,0,1,0,1,126.883657069674,44.6014831225067,7260,-9.98707099119616,0.8,7255.41364861492
1,0,0,0,1,0,1,126.883657069674,44.6014831225067,7260,-9.98707099119616,0.8,7255.58821849032
1,0,0,0,1,0,1,126.883657069674,44.6014831225067,7260,-9.98707099119616,0.8,7255.76027676596
1,0,0,0,1,0,1,126.883657069674,44.6014831225067,7260,-9.98707099119616,0.8,7255.92981321507
1,0,0,0,1,0,1,126.883657069674,44.6014831225067,7260,-9.98707099119616,0.8,7256.0968177252
1,0,0,0,1,0,1,126.883657069674,44.6014831225067,7260,-9.98707099119616,0.8,7256.26128034574
1,0,0,0,1,0,1,126.883657069674,44.6014831225067,7260,-9.98707099119616,0.8,7256.4231913426
1,0,0,0,1,0,1,126.883657069674,44.6014831225067,7260,-9.98707099119616,0.8,7256.58254123421
1,0,0,0,1,0,1,126.883657069674,44.6014831225067,7260,-9.98707099119616,0.8,7256.73932084376
1,0,0,0,1,0,1,126.883657069674,44.6014831225067,7260,-9.98707099119616,0.8,7256.89352135745
1,0,0,0,1,0,1,126.883657069674,44.6014831225067,7260,-9.98707099119616,0.8,7257.04513438463
1,0,0,0,1,0,1,126.883657069674,44.6014831225067,7260,-9.98707099119616,0.8,7257.19415201521
1,0,0,0,1,0,1,126.883657069674,44.6014831225067,7260,-9.98707099119616,0.8,7257.34056687242
1,0,0,0,1,0,1,126.883657069674,44.6014831225067,7260,-9.98707099119616,0.8,7257.48437216104
1,0,0,0,1,0,1,126.883657069674,44.6014831225067,7260,-9.98707099119616,0.8,7257.62556171169
1,0,0,0,1,0,1,126.883657069674,44.6014831225067,7260,-9.98707099119616,0.8,7257.76413002175
1,0,0,0,1,0,1,126.883657069674,44.6014831225067,7260,-9.98707099119616,0.8,7257.90007229252
1,0,0,0,1,0,1,126.883657069674,44.6014831225067,7260,-9.98707099119616,0.8,7258.03338446173
1,0,0,0,1,0,1,126.883657069674,44.6014831225067,7260,-9.98707099119616,0.8,7258.16406323061
1,0,0,0,1,0,1,126.883657069674,44.6014831225067,7260,-9.98707099119616,0.8,7258.29210608462
1,0,0,0,1,0,1,126.883657069674,44.6014831225067,7260,-9.98707099119616,0.8,7258.41751130731
1,0,0,0,1,0,1,126.883657069674,44.6014831225067,7260,-9.98707099119616,0.8,7258.54027798725
1,0,0,0,1,0,1,126.883657069674,44.6014831225067,7260,-9.98707099119616,0.8,7258.66040601764
1,0,0,0,1,0,1,126.883657069674,44.6014831225067,7260,-9.98707099119616,0.8,7258.77789608895
1,0,0,0,1,0,1,126.883657069674,44.6014831225067,7260,-9.98707099119616,0.8,7258.89274967507
1,0,0,0,1,0,1,126.883657069674,44.6014831225067,7260,-9.98707099119616,0.8,7259.00496901155
1,0,0,0,1,0,1,126.883657069674,44.6014831225067,7260,-9.98707099119616,0.8,7259.11455706596
1,0,0,0,1,0,1,126.883657069674,44.6014831225067,7260,-9.98707099119616,0.8,7259.22151750807
1,0,0,0,1,0,1,126.883657069674,44.6014831225067,7260,-9.98707099119616,0.8,7259.32585466342
1,0,0,0,1,0,1,126.883657069674,44.6014831225067,7260,-9.98707099119616,0.8,7259.42757346479
1,0,0,0,1,0,1,126.883657069674,44.6014831225067,7260,-9.98707099119616,0.8,7259.52667939923
1,0,0,0,1,0,1,126.883657069674,44.6014831225067,7260,-9.98707099119616,0.8,7259.6231784529
1,0,0,0,1,0,1,126.883657069674,44.6014831225067,7260,-9.98707099119616,0.8,7259.71707705182
1,0,0,0,1,0,1,126.883657069674,44.6014831225067,7260,-9.98707099119616,0.8,7259.80838199888
1,0,0,0,1,0,1,126.883657069674,44.6014831225067,7260,-9.98707099119616,0.8,7259.89710048233
1,0,0,0,1,0,1,126.883657069674,44.6014831225067,7260,-9.98707099119616,0.8,7259.98324046173
1,0,0,0,1,0,1,126.883657069674,44.6014831225067,7260,-9.98707099119616,0.8,7260.06681106388
1,0,0,0,1,0,1,126.883657069674,44.6014831225067,7260,-9.98707099119616,0.8,7260.14782229009
1,0,0,0,1,0,1,126.883657069674,44.6014831225067,7260,-9.98707099119616,0.8,7260.22628508068
1,0,0,0,1,0,1,126.883657069674,44.6014831225067,7260,-9.98707099119616,0.8,7260.30221159078
1,0,0,0,1,0,1,126.883657069674,44.6014831225067,7260,-9.98707099119616,0.8,7260.37561530784
1,0,0,0,1,0,1,126.883657069674,44.6014831225067,7260,-9.98707099119616,0.8,7260.44651073345
1,0,0,0,1,0,1,126.883657069674,44.6014831225067,7260,-9.98707099119616,0.8,7260.51491280324
1,0,0,0,1,0,1,126.883657069674,44.6014831225067,7260,-9.98707099119616,0.8,7260.58083646351
1,0,0,0,1,0,1,126.883657069674,44.6014831225067,7260,-9.98707099119616,0.8,7260.64429641145
1,0,0,0,1,0,1,126.883657069674,44.6014831225067,7260,-9.98707099119616,0.8,7260.70530713593
1,0,0,0,1,0,1,126.883657069674,44.6014831225067,7260,-9.98707099119616,0.8,7260.76388310805
1,0,0,0,1,0,1,126.883657069674,44.6014831225067,7260,-9.98707099119616,0.8,7260.82003895489
1,0,0,0,1,0,1,126.883657069674,44.6014831225067,7260,-9.98707099119616,0.8,7260.87378949357
1,0,0,0,1,0,1,126.883657069674,44.6014831225067,7260,-9.98707099119616,0.8,7260.92514969078
1,0,0,0,1,0,1,126.883657069674,44.6014831225067,7260,-9.98707099119616,0.8,7260.9741345362
1,0,0,0,1,0,1,126.883657069674,44.6014831225067,7260,-9.98707099119616,0.8,7261.0207590062
1,0,0,0,1,0,1,126.883657069674,44.6014831225067,7260,-9.98707099119616,0.8,7261.06503803854
1,0,0,0,1,0,1,126.883657069674,44.6014831225067,7260,-9.98707099119616,0.8,7261.10698653799
1,0,0,0,1,0,1,126.883657069674,44.6014831225067,7260,-9.98707099119616,0.8,7261.14661958541
1,0,0,0,1,0,1,126.883657069674,44.6014831225067,7260,-9.98707099119616,0.8,7261.18395233019
1,0,0,0,1,0,1,126.883657069674,44.6014831225067,7260,-9.98707099119616,0.8,7261.21900010386
1,0,0,0,1,0,1,126.883657069674,44.6014831225067,7260,-9.98707099119616,0.8,7261.25177842276
1,0,0,0,1,0,1,126.883657069674,44.6014831225067,7260,-9.98707099119616,0.8,7261.28230301231
1,0,0,0,1,0,1,126.883657069674,44.6014831225067,7260,-9.98707099119616,0.8,7261.31058983567
1,0,0,0,1,0,1,126.883657069674,44.6014831225067,7260,-9.98707099119616,0.8,7261.33665513041
1,0,0,0,1,0,1,126.883657069674,44.6014831225067,7260,-9.98707099119616,0.8,7261.36051544666
1,0,0,0,1,0,1,126.883657069674,44.6014831225067,7260,-9.98707099119616,0.8,7261.38218768288
1,0,0,0,1,0,1,126.883657069674,44.6014831225067,7260,-9.98707099119616,0.8,7261.40168911792
1,0,0,0,1,0,1,126.883657069674,44.6014831225067,7260,-9.98707099119616,0.8,7261.41903743932
1,0,0,0,1,0,1,126.883657069674,44.6014831225067,7260,-9.98707099119616,0.8,7261.43425076876
1,0,0,0,1,0,1,126.883657069674,44.6014831225067,7260,-9.98707099119616,0.8,7261.44734768518
1,0,0,0,1,0,1,126.883657069674,44.6014831225067,7260,-9.98707099119616,0.8,7261.45834724563
1,0,0,0,1,0,1,126.883657069674,44.6014831225067,7260,-9.98707099119616,0.8,7261.46726900355
1,0,0,0,1,0,1,126.883657069674,44.6014831225067,7260,-9.98707099119616,0.8,7261.47413302414
1,0,0,0,1,0,1,126.883657069674,44.6014831225067,7260,-9.98707099119616,0.8,7261.47895989643
1,0,0,0,1,0,1,126.883657069674,44.6014831225067,7260,-9.98707099119616,0.8,7261.48177074207
1,0,0,0,1,0,1,126.883657069674,44.6014831225067,7260,-9.98707099119616,0.8,7261.48258722078
1,0,0,0,1,0,1,126.883657069674,44.6014831225067,7260,-9.98707099119616,0.8,7261.48143153277
1,0,0,0,1,0,1,126.883657069674,44.6014831225067,7260,-9.98707099119616,0.8,7261.47832641798
1,0,0,0,1,0,1,126.883657069674,44.6014831225067,7260,-9.98707099119616,0.8,7261.47329515247
1,0,0,0,1,0,1,126.883657069674,44.6014831225067,7260,-9.98707099119616,0.8,7261.46636154199
1,0,0,0,1,0,1,126.883657069674,44.6014831225067,7260,-9.98707099119616,0.8,7261.45754991279
1,0,0,0,1,0,1,126.883657069674,44.6014831225067,7260,-9.98707099119616,0.8,7261.44688509985
1,0,0,0,1,0,1,126.883657069674,44.6014831225067,7260,-9.98707099119616,0.8,7261.43439243276
1,0,0,0,1,0,1,126.883657069674,44.6014831225067,7260,-9.98707099119616,0.8,7261.42009771919
1,0,0,0,1,0,1,126.883657069674,44.6014831225067,7260,-9.98707099119616,0.8,7261.40402722647
1,0,0,0,1,0,1,126.883657069674,44.6014831225067,7260,-9.98707099119616,0.8,7261.38620766111
1,0,0,0,1,0,1,126.883657069674,44.6014831225067,7260,-9.98707099119616,0.8,7261.36666614673
1,0,0,0,1,0,1,126.883657069674,44.6014831225067,7260,-9.98707099119616,0.8,7261.34543020036
1,0,0,0,1,0,1,126.883657069674,44.6014831225067,7260,-9.98707099119616,0.8,7261.32252770754
1,0,0,0,1,0,1,126.883657069674,44.6014831225067,7260,-9.98707099119616,0.8,7261.2979868961
1,0,0,0,1,0,1,126.883657069674,44.6014831225067,7260,-9.98707099119616,0.8,7261.27183630903
1,0,0,0,1,0,1,126.883657069674,44.6014831225067,7260,-9.98707099119616,0.8,7261.24410477022
1,0,0,0,1,0,1,126.883657069674,44.6014831225067,7260,-9.98707099119616,0.8,7261.21482144493
1,0,0,0,1,0,1,126.883657069674,44.6014831225067,7260,-9.98707099119616,0.8,7261.18401547271
1,0,0,0,1,0,1,126.883657069674,44.6014831225067,7260,-9.98707099119616,0.8,7261.15171640271
1,0,0,0,1,0,1,126.883657069674,44.6014831225067,7260,-9.98707099119616,0.8,7261.11795390733
1,0,0,0,1,0,1,126.883657069674,44.6014831225067,7260,-9.98707099119616,0.8,7261.08275807884
1,0,0,0,1,0,1,126.883657069674,44.6014831225067,7260,-9.98707099119616,0.8,7261.04615877747
1,0,0,0,1,0,1,126.883657069674,44.6014831225067,7260,-9.98707099119616,0.8,7261.008185983
1,0,0,0,1,0,1,126.883657069674,44.6014831225067,7260,-9.98707099119616,0.8,7260.96886973816
1,0,0,0,1,0,1,126.883657069674,44.6014831225067,7260,-9.98707099119616,0.8,7260.92824012781
1,0,0,0,1,0,1,126.883657069674,44.6014831225067,7260,-9.98707099119616,0.8,7260.88632724828
1,0,0,0,1,0,1,126.883657069674,44.6014831225067,7260,-9.98707099119616,0.8,7260.84316117418
1,0,0,0,1,0,1,126.883657069674,44.6014831225067,7260,-9.98707099119616,0.8,7260.79877192431
1,0,0,0,1,0,1,126.883657069674,44.6014831225067,7260,-9.98707099119616,0.8,7260.75318942846
1,0,0,0,1,0,1,126.883657069674,44.6014831225067,7260,-9.98707099119616,0.8,7260.70644351576
1,0,0,0,1,0,1,126.883657069674,44.6014831225067,7260,-9.98707099119616,0.8,7260.65856384406
1,0,0,0,1,0,1,126.883657069674,44.6014831225067,7260,-9.98707099119616,0.8,7260.60958001527
1,0,0,0,1,0,1,126.883657069674,44.6014831225067,7260,-9.98707099119616,0.8,7260.55952118344
1,0,0,0,1,0,1,126.883657069674,44.6014831225067,7260,-9.98707099119616,0.8,7260.50841698884
1,0,0,0,1,0,1,126.883657069674,44.6014831225067,7260,-9.98707099119616,0.8,7260.45629543695
1,0,0,0,1,0,1,126.883657069674,44.6014831225067,7260,-9.98707099119616,0.8,7260.40318611642
1,0,0,0,1,0,1,126.883657069674,44.6014831225067,7260,-9.98707099119616,0.8,7260.34911759525
1,0,0,0,1,0,1,126.883657069674,44.6014831225067,7260,-9.98707099119616,0.8,7260.29411700078
1,0,0,0,1,0,1,126.883657069674,44.6014831225067,7260,-9.98707099119616,0.8,7260.23821292446
1,0,0,0,1,0,1,126.883657069674,44.6014831225067,7260,-9.98707099119616,0.8,7260.18143324146
1,0,0,0,1,0,1,126.883657069674,44.6014831225067,7260,-9.98707099119616,0.8,7260.12380423701
1,0,0,0,1,0,1,126.883657069674,44.6014831225067,7260,-9.98707099119616,0.8,7260.06535322501
1,0,0,0,1,0,1,126.883657069674,44.6014831225067,7260,-9.98707099119616,0.8,7260.00610723297
1,0,0,0,1,0,1,126.883657069674,44.6014831225067,7260,-9.98707099119616,0.8,7259.94609244738
1,0,0,0,1,0,1,126.883657069674,44.6014831225067,7260,-9.98707099119616,0.8,7259.88533382972
1,0,0,0,1,0,1,126.883657069674,44.6014831225067,7260,-9.98707099119616,0.8,7259.82385726868
1,0,0,0,1,0,1,126.883657069674,44.6014831225067,7260,-9.98707099119616,0.8,7259.76168825267
1,0,0,0,1,0,1,126.883657069674,44.6014831225067,7260,-9.98707099119616,0.8,7259.69885159816
1,0,0,0,1,0,1,126.883657069674,44.6014831225067,7260,-9.98707099119616,0.8,7259.63537073436
1,0,0,0,1,0,1,126.883657069674,44.6014831225067,7260,-9.98707099119616,0.8,7259.57127004272
1,0,0,0,1,0,1,126.883657069674,44.6014831225067,7260,-9.98707099119616,0.8,7259.50657320715
1,0,0,0,1,0,1,126.883657069674,44.6014831225067,7260,-9.98707099119616,0.8,7259.44130333059
1,0,0,0,1,0,1,126.883657069674,44.6014831225067,7260,-9.98707099119616,0.8,7259.37548302886
1,0,0,0,1,0,1,126.883657069674,44.6014831225067,7260,-9.98707099119616,0.8,7259.30913449437
1,0,0,0,1,0,1,126.883657069674,44.6014831225067,7260,-9.98707099119616,0.8,7259.2422795284
1,0,0,0,1,0,1,126.883657069674,44.6014831225067,7260,-9.98707099119616,0.8,7259.17493954856
1,0,0,0,1,0,1,126.883657069674,44.6014831225067,7260,-9.98707099119616,0.8,7259.10713558145
1,0,0,0,1,0,1,126.883657069674,44.6014831225067,7260,-9.98707099119616,0.8,7259.03888825038
1,0,0,0,1,0,1,126.883657069674,44.6014831225067,7260,-9.98707099119616,0.8,7258.9702177654
1,0,0,0,1,0,1,126.883657069674,44.6014831225067,7260,-9.98707099119616,0.8,7258.90114391856
1,0,0,0,1,0,1,126.883657069674,44.6014831225067,7260,-9.98707099119616,0.8,7258.83168714095
1,0,0,0,1,0,1,126.883657069674,44.6014831225067,7260,-9.98707099119616,0.8,7258.7618716663
1,0,0,0,1,0,1,126.883657069674,44.6014831225067,7260,-9.98707099119616,0.8,7258.69172308616
1,0,0,0,1,0,1,126.883657069674,44.6014831225067,7260,-9.98707099119616,0.8,7258.62126314994
1,0,0,0,1,0,1,126.883657069674,44.6014831225067,7260,-9.98707099119616,0.8,7258.55051042544
1,0,0,0,1,0,1,126.883657069674,44.6014831225067,7260,-9.98707099119616,0.8,7258.47948083479
1,0,0,0,1,0,1,126.883657069674,44.6014831225067,7260,-9.98707099119616,0.8,7258.40818873737
1,0,0,0,1,0,1,126.883657069674,44.6014831225067,7260,-9.98707099119616,0.8,7258.33664791002
1,0,0,0,1,0,1,126.883657069674,44.6014831225067,7260,-9.98707099119616,0.8,7258.2648720878
1,0,0,0,1,0,1,126.883657069674,44.6014831225067,7260,-9.98707099119616,0.8,7258.19287505321
1,0,0,0,1,0,1,126.883657069674,44.6014831225067,7260,-9.98707099119616,0.8,7258.12067045012
1,0,0,0,1,0,1,126.883657069674,44.6014831225067,7260,-9.98707099119616,0.8,7258.04827153056
1,0,0,0,1,0,1,126.883657069674,44.6014831225067,7260,-9.98707099119616,0.8,7257.97569097587
1,0,0,0,1,0,1,126.883657069674,44.6014831225067,7260,-9.98707099119616,0.8,7257.9029408389
1,0,0,0,1,0,1,126.883657069674,44.6014831225067,7260,-9.98707099119616,0.8,7257.83003258297
1,0,0,0,1,0,1,126.883657069674,44.6014831225067,7260,-9.98707099119616,0.8,7257.75697716435
1,0,0,0,1,0,1,126.883657069674,44.6014831225067,7260,-9.98707099119616,0.8,7257.68378511099
1,0,0,0,1,0,1,126.883657069674,44.6014831225067,7260,-9.98707099119616,0.8,7257.61046657287
1,0,0,0,1,0,1,126.883657069674,44.6014831225067,7260,-9.98707099119616,0.8,7257.5370313419
1,0,0,0,1,0,1,126.883657069674,44.6014831225067,7260,-9.98707099119616,0.8,7257.46348885251
1,0,0,0,1,0,1,126.883657069674,44.6014831225067,7260,-9.98707099119616,0.8,7257.38984817687
1,0,0,0,1,0,1,126.883657069674,44.6014831225067,7260,-9.98707099119616,0.8,7257.31611802423
1,0,0,0,1,0,1,126.883657069674,44.6014831225067,7260,-9.98707099119616,0.8,7257.24230674786
1,0,0,0,1,0,1,126.883657069674,44.6014831225067,7260,-9.98707099119616,0.8,7257.16842235817
1,0,0,0,1,0,1,126.883657069674,44.6014831225067,7260,-9.98707099119616,0.8,7257.09447253852
1,0,0,0,1,0,1,126.883657069674,44.6014831225067,7260,-9.98707099119616,0.8,7257.02046466056
1,0,0,0,1,0,1,126.883657069674,44.6014831225067,7260,-9.98707099119616,0.8,7256.94640579744
1,0,0,0,1,0,1,126.883657069674,44.6014831225067,7260,-9.98707099119616,0.8,7256.87230273463
1,0,0,0,1,0,1,126.883657069674,44.6014831225067,7260,-9.98707099119616,0.8,7256.79816197914
1,0,0,0,1,0,1,126.883657069674,44.6014831225067,7260,-9.98707099119616,0.8,7256.72398976804
1,0,0,0,1,0,1,126.883657069674,44.6014831225067,7260,-9.98707099119616,0.8,7256.64979207697
1,0,0,0,1,0,1,126.883657069674,44.6014831225067,7260,-9.98707099119616,0.8,7256.5755746288
1,0,0,0,1,0,1,126.883657069674,44.6014831225067,7260,-9.98707099119616,0.8,7256.50134290251
1,0,0,0,1,0,1,126.883657069674,44.6014831225067,7260,-9.98707099119616,0.8,7256.42710214196
1,0,0,0,1,0,1,126.883657069674,44.6014831225067,7260,-9.98707099119616,0.8,7256.3528573644
1,0,0,0,1,0,1,126.883657069674,44.6014831225067,7260,-9.98707099119616,0.8,7256.27861336858
1,0,0,0,1,0,1,126.883657069674,44.6014831225067,7260,-9.98707099119616,0.8,7256.20437474257
1,0,0,0,1,0,1,126.883657069674,44.6014831225067,7260,-9.98707099119616,0.8,7256.13014587104
1,0,0,0,1,0,1,126.883657069674,44.6014831225067,7260,-9.98707099119616,0.8,7256.05593094253
1,0,0,0,1,0,1,126.883657069674,44.6014831225067,7260,-9.98707099119616,0.8,7255.98173395627
1,0,0,0,1,0,1,126.883657069674,44.6014831225067,7260,-9.98707099119616,0.8,7255.90755872898
1,0,0,0,1,0,1,126.883657069674,44.6014831225067,7260,-9.98707099119616,0.8,7255.83340890136
1,0,0,0,1,0,1,126.883657069674,44.6014831225067,7260,-9.98707099119616,0.8,7255.75928794448
1,0,0,0,1,0,1,126.883657069674,44.6014831225067,7260,-9.98707099119616,0.8,7255.68519916591
1,0,0,0,1,0,1,126.883657069674,44.6014831225067,7260,-9.98707099119616,0.8,7255.61114571562
1,0,0,0,1,0,1,126.883657069674,44.6014831225067,7260,-9.98707099119616,0.8,7255.53713059181
1,0,0,0,1,0,1,126.883657069674,44.6014831225067,7260,-9.98707099119616,0.8,7255.46315664634
1,0,0,0,1,0,1,126.883657069674,44.6014831225067,7260,-9.98707099119616,0.8,7255.38922659019
1,0,0,0,1,0,1,126.883657069674,44.6014831225067,7260,-9.98707099119616,0.8,7255.3153429986
1,0,0,0,1,0,1,126.883657069674,44.6014831225067,7260,-9.98707099119616,0.8,7255.24150831612
1,0,0,0,1,0,1,126.883657069674,44.6014831225067,7260,-9.98707099119616,0.8,7255.16772486145
1,0,0,0,1,0,1,126.883657069674,44.6014831225067,7260,-9.98707099119616,0.8,7255.09399483216
1,0,0,0,1,0,1,126.883657069674,44.6014831225067,7260,-9.98707099119616,0.8,7255.02032030924
1,0,0,0,1,0,1,126.883657069674,44.6014831225067,7260,-9.98707099119616,0.8,7254.94670326148
1,0,0,0,1,0,1,126.883657069674,44.6014831225067,7260,-9.98707099119616,0.8,7254.87314554975
1,0,0,0,1,0,1,126.883657069674,44.6014831225067,7260,-9.98707099119616,0.8,7254.79964893112
1,0,0,0,1,0,1,126.883657069674,44.6014831225067,7260,-9.98707099119616,0.8,7254.72621506281
1,0,0,0,1,0,1,126.883657069674,44.6014831225067,7260,-9.98707099119616,0.8,7254.65284550605
1,0,0,0,1,0,1,126.883657069674,44.6014831225067,7260,-9.98707099119616,0.8,7254.57954172981
1,0,0,0,1,0,1,126.883657069674,44.6014831225067,7260,-9.98707099119616,0.8,7254.50630511438
1,0,0,0,1,0,1,126.883657069674,44.6014831225067,7260,-9.98707099119616,0.8,7254.43313695484
1,0,0,0,1,0,1,126.883657069674,44.6014831225067,7260,-9.98707099119616,0.8,7254.36003846444
1,0,0,0,1,0,1,126.883657069674,44.6014831225067,7260,-9.98707099119616,0.8,7254.28701077783
1,0,0,0,1,0,1,126.883657069674,44.6014831225067,7260,-9.98707099119616,0.8,7254.21405495419
1,0,0,0,1,0,1,126.883657069674,44.6014831225067,7260,-9.98707099119616,0.8,7254.14117198028
1,0,0,0,1,0,1,126.883657069674,44.6014831225067,7260,-9.98707099119616,0.8,7254.06836277335
1,0,0,0,1,0,1,126.883657069674,44.6014831225067,7260,-9.98707099119616,0.8,7253.99562818395
1,0,0,0,1,0,1,126.883657069674,44.6014831225067,7260,-9.98707099119616,0.8,7253.9229689987
1,0,0,0,1,0,1,126.883657069674,44.6014831225067,7260,-9.98707099119616,0.8,7253.85038594289
1,0,0,0,1,0,1,126.883657069674,44.6014831225067,7260,-9.98707099119616,0.8,7253.77787968305
1,0,0,0,1,0,1,126.883657069674,44.6014831225067,7260,-9.98707099119616,0.8,7253.70545082938
1,0,0,0,1,0,1,126.883657069674,44.6014831225067,7260,-9.98707099119616,0.8,7253.63309993813
1,0,0,0,1,0,1,126.883657069674,44.6014831225067,7260,-9.98707099119616,0.8,7253.56082751393
1,0,0,0,1,0,1,126.883657069674,44.6014831225067,7260,-9.98707099119616,0.8,7253.48863401191
1,0,0,0,1,0,1,126.883657069674,44.6014831225067,7260,-9.98707099119616,0.8,7253.41651983991
1,0,0,0,1,0,1,126.883657069674,44.6014831225067,7260,-9.98707099119616,0.8,7253.34448536051
1,0,0,0,1,0,1,126.883657069674,44.6014831225067,7260,-9.98707099119616,0.8,7253.27253089298
1,0,0,0,1,0,1,126.883657069674,44.6014831225067,7260,-9.98707099119616,0.8,7253.20065671525
1,0,0,0,1,0,1,126.883657069674,44.6014831225067,7260,-9.98707099119616,0.8,7253.1288630657
1,0,0,0,1,0,1,126.883657069674,44.6014831225067,7260,-9.98707099119616,0.8,7253.05715014497
1,0,0,0,1,0,1,126.883657069674,44.6014831225067,7260,-9.98707099119616,0.8,7252.98551811764
1,0,0,0,1,0,1,126.883657069674,44.6014831225067,7260,-9.98707099119616,0.8,7252.91396711392
1,0,0,0,1,0,1,126.883657069674,44.6014831225067,7260,-9.98707099119616,0.8,7252.8424972312
1,0,0,0,1,0,1,126.883657069674,44.6014831225067,7260,-9.98707099119616,0.8,7252.77110853562
1,0,0,0,1,0,1,126.883657069674,44.6014831225067,7260,-9.98707099119616,0.8,7252.69980106351
1,0,0,0,1,0,1,126.883657069674,44.6014831225067,7260,-9.98707099119616,0.8,7252.62857482284
1,0,0,0,1,0,1,126.883657069674,44.6014831225067,7260,-9.98707099119616,0.8,7252.55742979454
1,0,0,0,1,0,1,126.883657069674,44.6014831225067,7260,-9.98707099119616,0.8,7252.4863659339
1,0,0,0,1,0,1,126.883657069674,44.6014831225067,7260,-9.98707099119616,0.8,7252.41538317174
1,0,0,0,1,0,1,126.883657069674,44.6014831225067,7260,-9.98707099119616,0.8,7252.3444814157
1,0,0,0,1,0,1,126.883657069674,44.6014831225067,7260,-9.98707099119616,0.8,7252.27366055139
1,0,0,0,1,0,1,126.883657069674,44.6014831225067,7260,-9.98707099119616,0.8,7252.2029204435
1,0,0,0,1,0,1,126.883657069674,44.6014831225067,7260,-9.98707099119616,0.8,7252.13226093691
1,0,0,0,1,0,1,126.883657069674,44.6014831225067,7260,-9.98707099119616,0.8,7252.06168185772
1,0,0,0,1,0,1,126.883657069674,44.6014831225067,7260,-9.98707099119616,0.8,7251.99118301425
1,0,0,0,1,0,1,126.883657069674,44.6014831225067,7260,-9.98707099119616,0.8,7251.92076419803
1,0,0,0,1,0,1,126.883657069674,44.6014831225067,7260,-9.98707099119616,0.8,7251.85042518468
1,0,0,0,1,0,1,126.883657069674,44.6014831225067,7260,-9.98707099119616,0.8,7251.78016573483
1,0,0,0,1,0,1,126.883657069674,44.6014831225067,7260,-9.98707099119616,0.8,7251.70998559496
1,0,0,0,1,0,1,126.883657069674,44.6014831225067,7260,-9.98707099119616,0.8,7251.63988449823
1,0,0,0,1,0,1,126.883657069674,44.6014831225067,7260,-9.98707099119616,0.8,7251.56986216525
1,0,0,0,1,0,1,126.883657069674,44.6014831225067,7260,-9.98707099119616,0.8,7251.49991830487
1,0,0,0,1,0,1,126.883657069674,44.6014831225067,7260,-9.98707099119616,0.8,7251.43005261483
1,0,0,0,1,0,1,126.883657069674,44.6014831225067,7260,-9.98707099119616,0.8,7251.36026478254
1,0,0,0,1,0,1,126.883657069674,44.6014831225067,7260,-9.98707099119616,0.8,7251.29055448569
1,0,0,0,1,0,1,126.883657069674,44.6014831225067,7260,-9.98707099119616,0.8,7251.2209213929
1,0,0,0,1,0,1,126.883657069674,44.6014831225067,7260,-9.98707099119616,0.8,7251.15136516433
1,0,0,0,1,0,1,126.883657069674,44.6014831225067,7260,-9.98707099119616,0.8,7251.08188545228
1,0,0,0,1,0,1,126.883657069674,44.6014831225067,7260,-9.98707099119616,0.8,7251.01248190172
1,0,0,0,1,0,1,126.883657069674,44.6014831225067,7260,-9.98707099119616,0.8,7250.94315415085
1,0,0,0,1,0,1,126.883657069674,44.6014831225067,7260,-9.98707099119616,0.8,7250.87390183158
1,0,0,0,1,0,1,126.883657069674,44.6014831225067,7260,-9.98707099119616,0.8,7250.80472457008
1,0,0,0,1,0,1,126.883657069674,44.6014831225067,7260,-9.98707099119616,0.8,7250.73562198719
1,0,0,0,1,0,1,126.883657069674,44.6014831225067,7260,-9.98707099119616,0.8,7250.66659369887
1,0,0,0,1,0,1,126.883657069674,44.6014831225067,7260,-9.98707099119616,0.8,7250.59763931669
1,0,0,0,1,0,1,126.883657069674,44.6014831225067,7260,-9.98707099119616,0.8,7250.52875844814
1,0,0,0,1,0,1,126.883657069674,44.6014831225067,7260,-9.98707099119616,0.8,7250.45995069711
1,0,0,0,1,0,1,126.883657069674,44.6014831225067,7260,-9.98707099119616,0.8,7250.3912156642
1,0,0,0,1,0,1,126.883657069674,44.6014831225067,7260,-9.98707099119616,0.8,7250.32255294711
1,0,0,0,1,0,1,126.883657069674,44.6014831225067,7260,-9.98707099119616,0.8,7250.25396214096
1,0,0,0,1,0,1,126.883657069674,44.6014831225067,7260,-9.98707099119616,0.8,7250.18544283862
1,0,0,0,1,0,1,126.883657069674,44.6014831225067,7260,-9.98707099119616,0.8,7250.11699463098
1,0,0,0,1,0,1,126.883657069674,44.6014831225067,7260,-9.98707099119616,0.8,7250.04861710732
1,0,0,0,1,0,1,126.883657069674,44.6014831225067,7260,-9.98707099119616,0.8,7249.9803098555
1,0,0,0,1,0,1,126.883657069674,44.6014831225067,7260,-9.98707099119616,0.8,7249.91207246227
1,0,0,0,1,0,1,126.883657069674,44.6014831225067,7260,-9.98707099119616,0.8,7249.8439045135
1,0,0,0,1,0,1,126.883657069674,44.6014831225067,7260,-9.98707099119616,0.8,7249.77580559445
1,0,0,0,1,0,1,126.883657069674,44.6014831225067,7260,-9.98707099119616,0.8,7249.70777528994
1,0,0,0,1,0,1,126.883657069674,44.6014831225067,7260,-9.98707099119616,0.8,7249.63981318462
1,0,0,0,1,0,1,126.883657069674,44.6014831225067,7260,-9.98707099119616,0.8,7249.57191886311
1,0,0,0,1,0,1,126.883657069674,44.6014831225067,7260,-9.98707099119616,0.8,7249.50409191025
1,0,0,0,1,0,1,126.883657069674,44.6014831225067,7260,-9.98707099119616,0.8,7249.43633191125
1,0,0,0,1,0,1,126.883657069674,44.6014831225067,7260,-9.98707099119616,0.8,7249.36863845184
1,0,0,0,1,0,1,126.883657069674,44.6014831225067,7260,-9.98707099119616,0.8,7249.30101111847
1,0,0,0,1,0,1,126.883657069674,44.6014831225067,7260,-9.98707099119616,0.8,7249.23344949845
1,0,0,0,1,0,1,126.883657069674,44.6014831225067,7260,-9.98707099119616,0.8,7249.16595318006
1,0,0,0,1,0,1,126.883657069674,44.6014831225067,7260,-9.98707099119616,0.8,7249.09852175272
1,0,0,0,1,0,1,126.883657069674,44.6014831225067,7260,-9.98707099119616,0.8,7249.03115480711
1,0,0,0,1,0,1,126.883657069674,44.6014831225067,7260,-9.98707099119616,0.8,7248.96385193527
1,0,0,0,1,0,1,126.883657069674,44.6014831225067,7260,-9.98707099119616,0.8,7248.89661273071
1,0,0,0,1,0,1,126.883657069674,44.6014831225067,7260,-9.98707099119616,0.8,7248.82943678853
1,0,0,0,1,0,1,126.883657069674,44.6014831225067,7260,-9.98707099119616,0.8,7248.76232370551
1,0,0,0,1,0,1,126.883657069674,44.6014831225067,7260,-9.98707099119616,0.8,7248.69527308019
1,0,0,0,1,0,1,126.883657069674,44.6014831225067,7260,-9.98707099119616,0.8,7248.62828451296
1,0,0,0,1,0,1,126.883657069674,44.6014831225067,7260,-9.98707099119616,0.8,7248.56135760611
1,0,0,0,1,0,1,126.883657069674,44.6014831225067,7260,-9.98707099119616,0.8,7248.49449196397
1,0,0,0,1,0,1,126.883657069674,44.6014831225067,7260,-9.98707099119616,0.8,7248.42768719288
1,0,0,0,1,0,1,126.883657069674,44.6014831225067,7260,-9.98707099119616,0.8,7248.36094290132
1,0,0,0,1,0,1,126.883657069674,44.6014831225067,7260,-9.98707099119616,0.8,7248.29425869995
1,0,0,0,1,0,1,126.883657069674,44.6014831225067,7260,-9.98707099119616,0.8,7248.22763420163
1,0,0,0,1,0,1,126.883657069674,44.6014831225067,7260,-9.98707099119616,0.8,7248.1610690215
1,0,0,0,1,0,1,126.883657069674,44.6014831225067,7260,-9.98707099119616,0.8,7248.09456277701
1,0,0,0,1,0,1,126.883657069674,44.6014831225067,7260,-9.98707099119616,0.8,7248.02811508794
1,0,0,0,1,0,1,126.883657069674,44.6014831225067,7260,-9.98707099119616,0.8,7247.96172557645
